id,display_name,rarity,max_stacks,deepens,min_act,in_start_pool,tags,needs,rule_id,description,cost_description,fields,rule_constants,number_check
acorn_cache,Acorn Cache,common,1,,1,false,"support, acorn","requires=[""acorn""]; min_warden_count=1",acorn_cache,Acorns cost 12 Dew and their aura is +10%.,,"kind=3; set_cost=12; min_warden_count=1",ACORN_CACHE_AURA=0.10,ok
backspin,Backspin,uncommon,1,,1,false,"wind, crit","requires=[""samara""]",backspin,The return pass gets +40% crit chance.,,"rarity=1; kind=3",BACKSPIN_CRIT=0.40,ok
bad_dreams,Bad Dreams,uncommon,1,,1,false,"song, sleep","requires=[""dreamcatcher""]",bad_dreams,"{caught} nightmares also take 1 {drowsy} stack per second, so they stay {caught}.",,"rarity=1; kind=3",,ok
bad_dreams_ii,Bad Dreams II,uncommon,1,bad_dreams,1,false,"song, sleep","requires=[""dreamcatcher""]; deepens=bad_dreams",bad_dreams,"{caught} nightmares also take 2 {drowsy} stacks per second, so they stay {caught}.",,"rarity=1; kind=3",,verified 2026-10-02 (by hand: 2)
bitter_hedges,Bitter Hedges,rare,1,,1,false,"wall, maze",min_warden_count=6,bitter_hedges,"Nightmares walking past a Thornwall take 8% more damage for 2 s, +8% for each more Thornwall they pass (up to +40%).",,"rarity=2; kind=3; min_warden_count=6","STATE_LINES=[&""winding_path"", &""deep_well"", &""canopy"", &""old_growth"", &""bitter_hedges"",; HIT_RULES=[&""last_stand"", &""hunters_patience"", &""bitter_hedges"", &""lone_hunter"",","verified 2026-10-02 (by hand: 8%, 2, 8%, 40%)"
bitter_sap,Bitter Sap,common,0,,1,true,"potency, affliction",,bitter_sap,All Wardens +20% Potency (stacks).,,"max_stacks=0; potency_bonus=0.2",,ok
blessing_acorn,Acorn Blessing,rare,1,,2,true,acorn,"requires=[""acorn""]; min_act=2",,The whole {family:acorn} family deals 25% more damage and grows 25% cheaper.,,"rarity=2; min_act=2; soothe_bonus=0.25; evolve_discount=0.25",,ok
blessing_bellflower,Bellflower Blessing,rare,1,,2,true,song,"requires=[""bellflower""]; min_act=2",,The whole {family:bellflower} family deals 25% more damage and grows 25% cheaper.,,"rarity=2; min_act=2; soothe_bonus=0.25; evolve_discount=0.25",,ok
blessing_dewdrop,Dewdrop Blessing,rare,1,,2,true,water,"requires=[""dewdrop""]; min_act=2",,The whole {family:dewdrop} family deals 25% more damage and grows 25% cheaper.,,"rarity=2; min_act=2; soothe_bonus=0.25; evolve_discount=0.25",,ok
blessing_firefly_jar,Firefly Jar Blessing,rare,1,,2,true,light,"requires=[""firefly_jar""]; min_act=2",,The whole {family:firefly_jar} family deals 25% more damage and grows 25% cheaper.,,"rarity=2; min_act=2; soothe_bonus=0.25; evolve_discount=0.25",,ok
blessing_nestling,Nestling Blessing,rare,1,,2,true,wing,"requires=[""nestling""]; min_act=2",,The whole {family:nestling} family deals 25% more damage and grows 25% cheaper.,,"rarity=2; min_act=2; soothe_bonus=0.25; evolve_discount=0.25",,ok
blessing_pebbling,Pebbling Blessing,rare,1,,2,true,stone,"requires=[""pebbling""]; min_act=2",,The whole {family:pebbling} family deals 25% more damage and grows 25% cheaper.,,"rarity=2; min_act=2; soothe_bonus=0.25; evolve_discount=0.25",,ok
blessing_rootling,Rootling Blessing,rare,1,,2,true,root,"requires=[""rootling""]; min_act=2",,The whole {family:rootling} family deals 25% more damage and grows 25% cheaper.,,"rarity=2; min_act=2; soothe_bonus=0.25; evolve_discount=0.25",,ok
blessing_sporeling,Sporeling Blessing,rare,1,,2,true,spore,"requires=[""sporeling""]; min_act=2",,The whole {family:sporeling} family deals 25% more damage and grows 25% cheaper.,,"rarity=2; min_act=2; soothe_bonus=0.25; evolve_discount=0.25",,ok
blessing_whirligig,Whirligig Blessing,rare,1,,2,true,wind,"requires=[""whirligig""]; min_act=2",,The whole {family:whirligig} family deals 25% more damage and grows 25% cheaper.,,"rarity=2; min_act=2; soothe_bonus=0.25; evolve_discount=0.25",,ok
blood_is_thicker,Blood Is Thicker,uncommon,1,,2,true,"kinship, bittersweet","min_act=2; min_kinships=1",blood_is_thicker,Wardens in a {kinship} +50% damage.,Wardens not in a {kinship} deal 15% less damage.,"rarity=1; kind=3; min_act=2; min_kinships=1","BLOOD_BONDED=0.50; BLOOD_UNBONDED=0.15",ok
bramble_oath,Bramble Oath,common,1,,1,false,"seed, wall",,bramble_oath,+3% damage for every 5 path tiles your walls add (up to +30%).,,kind=3,"BRAMBLE_OATH_WARDENS=[""bramble"", ""honeysuckle""]; BRAMBLE_OATH=0.5; BRAMBLE_OATH_PER=0.03; BRAMBLE_OATH_TILES=5; BRAMBLE_OATH_MAX=0.30",ok
briar_crown,Briar Crown,legendary,1,,2,false,"wall, maze",min_act=2,briar_crown,A nightmare stepping beside a Thornwall takes 25% of the damage of the strongest attacking Warden touching that wall.,,"rarity=3; kind=3; min_act=2",,verified 2026-10-02 (by hand: 25%)
bright_marks,Bright Marks,common,1,,1,true,"light, mark","requires=[""lanternmoth""]",bright_marks,{marked} nightmares take 20% more from every Warden.,,kind=3,BRIGHT_MARKS_PER=0.20,ok
brighter_jars,Brighter Jars,common,0,,1,true,light,"requires=[""firefly_jar""]",,The Firefly line attacks 35% faster.,,"max_stacks=0; attack_speed_bonus=0.35",,ok
broad_splash,Broad Splash,common,3,,1,false,reach,,broad_splash,Splashes and clouds reach 0.25 cells wider.,,"kind=3; max_stacks=3",BROAD_SPLASH_PER=0.25,ok
burn_back,Burn Back the Dead Wood,rare,1,,2,false,"clearing, bittersweet, tending","min_act=2; min_obstacles=8",,Clear every Withered Tree on the map now for 5 Dew each (no Seeds for these).,Nightmares move 10% faster for the rest of the run.,"rarity=2; kind=3; min_act=2; creature_speed_bonus=0.1; min_obstacles=8",,unmatched: 5
call_of_the_wild,Call of the Wild,common,1,,1,true,"tempo, economy, daring",,call_of_the_wild,"Calling a {drift} early gives double Dew (up to 40 per {drift}), and that {drift} holds 10% more Dew.",,kind=3,"CALL_OF_THE_WILD_POT=0.10; CALL_OF_THE_WILD_CAP=40; HURRIED_HARVEST_CAP=40; HURRIED_HARVEST_DEW=2",ok
called_shot,Called Shot,rare,1,,1,true,"light, mark, crit, precision","requires=[""lanternmoth""]",called_shot,Each Warden's first hit on a {marked} nightmare is a crit.,,"rarity=2; kind=3","MARKED=&""marked""",ok
canopy,Canopy,rare,1,,1,false,"wide, overgrowth",min_attackers=15,canopy,"When you've planted 20, 30 and 40 attacking Wardens this run, every Warden gets +12% damage for good, each time.",,"rarity=2; kind=3; min_attackers=15","STATE_LINES=[&""winding_path"", &""deep_well"", &""canopy"", &""old_growth"", &""bitter_hedges"",; CANOPY_STEPS=[20, 30, 40]; CANOPY_BONUS=0.12; CANOPY_FADE=1.2; CANOPY_BASE_Y=620; CANOPY_BREATH=1; CANOPY_BREATH_PERIOD=9.0",ok
carried_on_the_wind,Carried on the Wind,rare,1,,1,false,wind,"requires=[""gust""]; entwined=true; min_owned_statuses=1",carried_on_the_wind,"Gust and Zephyr copy every stack of a status, not just one.","Only to one nightmare, not every one in range.","rarity=2; kind=3; min_owned_statuses=1",,ok
chain_bloom,Chain Bloom,rare,1,,1,true,spore,"requires=[""puffball"", ""mistveil""]; entwined=true",chain_bloom,Puffball's puffs cover 2 tiles inside Mistveil's fog.,,"rarity=2; kind=3",CHAIN_BLOOM_SPLASH=2.0,ok
charged_feathers,Charged Feathers,rare,1,,1,false,"wing, storm, on-hit","requires=[""hummingbird_bower"", ""firefly_jar""]; entwined=true",charged_feathers,Each peck applies 1 {static} stack.,Taking it removes Pollen Beaks from this run.,"rarity=2; kind=3",,ok
chorus,Chorus,rare,1,,1,true,song,"requires=[""bellflower""]; min_warden_count=2",chorus,"Bellflower-line Wardens within 3 cells of each other pulse together, and a shared pulse deals 30% more.",,"rarity=2; kind=3; min_warden_count=2","CHORUS_PER=0.1; CHORUS_MAX=0.4; CHORUS_REACH=3.0; CHORUS_RING_COLOR=Color(Palette.BLOSSOM, 0.45); CHORUS_CELLS=3.0; CHORUS_SYNC_WINDOW=0.3; CHORUS_BONUS=0.30",ok
chosen_few,Chosen Few,rare,1,,2,false,"nurture, bittersweet, tall","min_act=2; min_rank_count=1; min_rank_owned=5",chosen_few,Rank V+ Wardens deal 50% more damage.,Wardens below rank III deal 15% less damage.,"rarity=2; kind=3; min_act=2; min_rank_count=1; min_rank_owned=5","CHOSEN_FEW_BONUS=0.5; CHOSEN_FEW_PENALTY=0.15",ok
clear_tones,Clear Tones,common,0,,1,true,song,"requires=[""bellflower""]",,The Bellflower line attacks 35% faster.,,"max_stacks=0; attack_speed_bonus=0.35",,ok
conductive_soil,Conductive Soil,rare,1,,1,true,"light, water, storm","requires=[""stormcap"", ""rain_lily""]; entwined=true",conductive_soil,Lightning also jumps to every {damp} nightmare in range.,Each jump uses up that nightmare's {damp}.,"rarity=2; kind=3",,ok
cozy_corners,Cozy Corners,uncommon,1,,1,true,maze,,cozy_corners,Wardens beside a bend in the path deal 30% more damage.,,"rarity=1; kind=3","COZY_CORNERS_REACH=[1, 2]; COZY_CORNERS_BONUS=[0.30, 0.50]",ok
cozy_corners_ii,Cozy Corners II,uncommon,1,cozy_corners,1,true,maze,deepens=cozy_corners,cozy_corners,Wardens within 2 cells of a bend in the path deal 50% more damage.,,"rarity=1; kind=3","COZY_CORNERS_REACH=[1, 2]; COZY_CORNERS_BONUS=[0.30, 0.50]",ok
crossroads,Crossroads,legendary,1,,2,false,maze,min_act=2,crossroads,A Warden touching two path tiles at least 6 steps apart along the route deals 40% more damage.,,"rarity=3; kind=3; min_act=2","CROSSROADS_BONUS=0.40; CROSSROADS_STEPS=6",ok
crowd_breaker,Crowd Breaker,uncommon,1,,1,false,"affliction, reach",,crowd_breaker,"An area attack deals 5% more for each nightmare it hits (max +45%), and 30% more to a nightmare touching 2 or more others.",,"rarity=1; kind=3","HIT_CARD_RULES=[&""patient_aim"", &""crush"", &""crowd_breaker"", &""shiny_things""]; CROWD_BREAKER_PER=0.05; CROWD_BREAKER_MAX=0.45; CRUSH_BONUS=[0.30, 0.45]; CRUSH_CROWD=2",ok
crowded_path,Crowded Path,uncommon,1,,1,true,affliction,,crowded_path,Wardens deal 5% more damage for each nightmare in their range (up to +50%).,,"rarity=1; kind=3","LIVE_RULES=[&""crowded_path"", &""thinning_the_herd"", &""quick_step"", &""scarred_bark"", &""desperate_bloom"",","verified 2026-10-02 (by hand: 5%, 50%)"
crowded_path_ii,Crowded Path II,uncommon,1,crowded_path,1,true,affliction,deepens=crowded_path,crowded_path,Wardens deal 7% more damage for each nightmare in their range (up to +70%).,,"rarity=1; kind=3","LIVE_RULES=[&""crowded_path"", &""thinning_the_herd"", &""quick_step"", &""scarred_bark"", &""desperate_bloom"",","verified 2026-10-02 (by hand: 7%, 70%)"
damp_rot,Damp Rot,common,3,,1,true,"spore, water, reaction","requires=[""sporeling"", ""dewdrop""]",damp_rot,{spored} ticks on {damp} nightmares deal 50% more.,{damp} no longer makes water hits stronger on them.,"kind=3; max_stacks=3",DAMP_ROT_PER=0.50,ok
dawnbreak,Dawnbreak,legendary,1,,2,true,reaction,min_act=2,dawnbreak,A ×10 Reaction chain sets off a Dawnburst: 10% of max health to every nightmare within 4 cells (bosses 2%).,,"rarity=3; kind=3; min_act=2","DAWNBREAK_ID=&""dawnbreak""; REACTION_TAGS=[&""echo"", &""lightning_rod"", &""dawnbreak""]; DAWNBREAK_TEXT=""Dawnbreak discovered\nA Chain 10 broke into dawn: 10% of max health to every nightmare within 4 tiles (bosses 2%).\nAdded to the Codex.""; DAWNBREAK_SHARE=0.10; DAWNBREAK_BOSS_SHARE=0.02; DAWNBREAK_REACH=4.0",ok
deep_frost,Deep Frost,uncommon,1,,1,false,"water, crit","requires=[""frostfern""]",deep_frost,Frozen nightmares take 45% more damage.,,"rarity=1; kind=3",DEEP_FROST_BONUS=0.45,ok
deep_grip,Deep Grip,common,1,,1,true,"root, held","requires=[""rootling""]",deep_grip,The Rootling line deals 50% more damage to {held} nightmares.,,kind=3,"HELD=&""held""; DEEP_GRIP_PER=0.50",ok
deep_roots,Deep Roots,common,1,,1,true,leaves,,,"The Heartwood can hold 3 more leaves, and regrows 3 now.",,"kind=4; max_leaves_add=3; leaves_now=3",,ok
deep_sleep,Deep Sleep,rare,1,,2,false,bittersweet,min_act=2,,All Wardens deal 40% more damage.,"The Heartwood holds 4 fewer leaves, and loses 4 now.","rarity=2; min_act=2; soothe_bonus=0.4; max_leaves_add=-4; leaves_now=-4",,ok
deep_stillness,Deep Stillness,rare,1,,2,true,reaction,"requires=[""rain_lily"", ""tangleroot"", ""bellflower""]; min_act=2; entwined=true",deep_stillness,Still Pools last 8 s and pull walkers under for 1.5 s.,Still Pools can form half as often.,"rarity=2; kind=3; min_act=2","WOVEN_RULE={&""tempest"": &""eye_of_the_tempest"", &""still_pool"": &""deep_stillness"", &""fever_dream"": &""fever_pitch"",","verified 2026-10-02 (by hand: 8, 1.5)"
deep_water,Deep Water,uncommon,1,,1,true,"water, sleep, reaction","requires=[""dewdrop""]",deep_water,"{combo:drown} lasts 4 s and its damage grows 50% faster; bosses are slowed 40% instead.",Only within 5 cells of the Heartwood.,"rarity=1; kind=3","DEEP_WATER_REACH=5.0; DEEP_WATER_GROWTH=1.5","verified 2026-10-02 (by hand: 4, 40%)"
deep_water_ii,Deep Water II,uncommon,1,deep_water,1,true,"water, sleep, reaction","requires=[""dewdrop""]; deepens=deep_water",deep_water,"{combo:drown} lasts 4 s and its damage grows 50% faster (bosses slowed 40%), and can happen twice to each nightmare.",,"rarity=1; kind=3","DEEP_WATER_REACH=5.0; DEEP_WATER_GROWTH=1.5","verified 2026-10-02 (by hand: 4, 40%)"
deep_well,Deep Well,rare,1,,1,false,"seed, acorn, economy, support",,deep_well,"At every {rest}, 5% interest on your banked Dew (up to 40).",,"rarity=2; kind=3","DEEP_WELL_CAP=30; STATE_LINES=[&""winding_path"", &""deep_well"", &""canopy"", &""old_growth"", &""bitter_hedges"",; DEEP_WELL_RATE=0.05; DEEP_WELL_MAX=40",ok
deeper_calm,Deeper Calm,common,0,,1,true,,,,All Wardens deal 15% more damage.,,"max_stacks=0; soothe_bonus=0.15",,ok
deeper_rings,Deeper Rings,rare,1,,1,false,"nurture, tall","requires_tag=nurture; min_rank_count=1; min_rank_owned=5",,"Wardens can be nurtured to rank VII (VI: 130 Dew, VII: 180, times the Warden's tier).",,"rarity=2; kind=3; min_rank_count=1; min_rank_owned=5; max_rank_set=7",,"verified 2026-10-02 (by hand: 130, 180)"
desperate_bloom,Desperate Bloom,rare,1,,2,false,"leaves, daring",min_act=2,desperate_bloom,"While the Heartwood has less than half its leaves, all Wardens attack 50% faster.",,"rarity=2; kind=3; min_act=2","LIVE_RULES=[&""crowded_path"", &""thinning_the_herd"", &""quick_step"", &""scarred_bark"", &""desperate_bloom"",; DESPERATE_BLOOM_SPEED=0.50",ok
dew_bowl,Dew Bowl,common,3,,1,false,"seed, acorn, economy, support",,dew_bowl,+25 Dew now.,,"kind=3; max_stacks=3; dew_now=25",DEW_BOWL_STEP=0.15,ok
dew_trail,Dew Trail,uncommon,1,,1,false,"support, acorn","requires=[""dewcatcher""]",dew_trail,"Catchers reach 0.5 cells further, and nightmares that are {damp} when caught drop 30% more Dew.",,"rarity=1; kind=3","WIDE_BOWL_STEP=0.5; FOCUS_WIDE=0.2; DAMP=&""damp""; DEW_TRAIL=[0.30, 0.50]",ok
dew_trail_ii,Dew Trail II,uncommon,1,dew_trail,1,false,"support, acorn","requires=[""dewcatcher""]; deepens=dew_trail",dew_trail,"Catchers reach 0.5 cells further, and nightmares that are {damp} when caught drop 50% more Dew.",,"rarity=1; kind=3","WIDE_BOWL_STEP=0.5; FOCUS_WIDE=0.2; DAMP=&""damp""; DEW_TRAIL=[0.30, 0.50]",ok
dream_acorn,Acorn,common,1,,1,false,acorn,,,"Sprouts can now grow into Acorns ({grow_cost:acorn} Dew), or plant one directly ({plant_cost:acorn} Dew). A little oak that damages everything around it.",,kind=0,,ok
dream_autumn_gale,Autumn Gale,rare,1,,1,false,wind,"requires=[""samara""]",,"Samaras can now grow into Autumn Gales ({grow_cost:autumn_gale} Dew): two seeds down the two busiest lines; each caught seed that hit something makes the next throw 10% stronger (up to 50%).",,"rarity=2; kind=1",,"unmatched: 10%, 50%"
dream_beacon,Beacon,rare,1,,1,false,light,"requires=[""lanternmoth""]",,"Lanternmoths can now grow into Beacons ({grow_cost:beacon} Dew): every 2 s everything in range is {marked}, at +35%.",,"rarity=2; kind=1",,"unmatched: 2, 35%"
dream_bellflower,Bellflower,common,1,,1,false,song,,,"Sprouts can now grow into Bellflowers ({grow_cost:bellflower} Dew), or plant one directly ({plant_cost:bellflower} Dew). A soft ringing pulse; every second pulse makes the nightmares around it {drowsy}.",,kind=0,,ok
dream_bloomcap,Bloomcap,uncommon,1,,1,true,"spore, sleep","requires=[""sporeling""]",,Sporelings can now grow into Bloomcaps ({grow_cost:bloomcap} Dew): sleepy clouds that make nightmares {drowsy}.,,"rarity=1; kind=1",,ok
dream_boulderback,Boulderback,rare,1,,1,false,stone,"requires=[""mossback""]",,"Mossbacks can now grow into Boulderbacks ({grow_cost:boulderback} Dew): a crushing hit that splashes half its damage; always crits on {drowsy} nightmares.",,"rarity=2; kind=1",,ok
dream_bramble,Bramble,uncommon,1,,1,true,wall,,,Thornwalls can now grow into Brambles (+{grow_cost:bramble} Dew each): they damage nightmares walking past.,,"rarity=1; kind=1",,ok
dream_cairn,Cairn,uncommon,1,,1,false,stone,"requires=[""pebbling""]",,"Pebblings can now grow into Cairns ({grow_cost:cairn} Dew): a mortar: lobs its top stone over the maze onto a tile up to 6 cells away, splashing everything there.",,"rarity=1; kind=1",,unmatched: 6
dream_chime_stone,Chime Stone,uncommon,1,,1,true,song,"requires=[""bellflower""]",,"Bellflowers can now grow into Chime Stones ({grow_cost:chime_stone} Dew): a weak pulse that charges everything around it with {static}, and sets off a bolt on nightmares holding 3 or more.",,"rarity=1; kind=1",,unmatched: 3
dream_dawnwing,Dawnwing,legendary,1,,3,false,wing,min_act=3,,"Any {family:nestling}-family final form can ascend into Dawnwing ({grow_cost:dawnwing} Dew, one per run): a great bird patrols the path in its range, striking every nightmare it passes; it flies faster the more nightmares there are.",,"rarity=3; kind=1; min_act=3",,ok
dream_dewcatcher,Dewcatcher,uncommon,1,,1,true,acorn,"requires=[""acorn""]",,"Acorns can now grow into Dewcatchers ({grow_cost:dewcatcher} Dew): nightmares dispelled within 2.5 tiles drop +40% Dew, poured out at the {rest}.",,"rarity=1; kind=1",,"unmatched: 2.5, 40%"
dream_dewdrop,Dewdrop,common,1,,1,true,water,,,"Sprouts can now grow into Dewdrops ({grow_cost:dewdrop} Dew), or plant one directly ({plant_cost:dewdrop} Dew). Splashes make nightmares {damp}.",,kind=0,,ok
dream_dreamcatcher,Dreamcatcher,uncommon,1,,1,true,song,"requires=[""bellflower""]",,Bellflowers can now grow into Dreamcatchers ({grow_cost:dreamcatcher} Dew): sleeping or fully {drowsy} nightmares in its range are {caught}: their statuses stop wearing off while they stay {caught}.,,"rarity=1; kind=1",,ok
dream_dreamshroom,Dreamshroom,rare,1,,1,false,spore,"requires=[""bloomcap""]",,"Bloomcaps can now grow into Dreamshrooms ({grow_cost:dreamshroom} Dew): a bigger sleepy cloud; nightmares at full {drowsy} fall asleep for 3 s.",,"rarity=2; kind=1",,unmatched: 3
dream_driftspore,Driftspore,uncommon,1,,1,true,spore,"requires=[""sporeling""]",,"Sporelings can now grow into Driftspores ({grow_cost:driftspore} Dew): two {spored} stacks per puff, higher cap.",,"rarity=1; kind=1",,ok
dream_echo_hollow,Echo Hollow,uncommon,1,,1,false,song,"requires=[""bellflower""]",,"Bellflowers can now grow into Echo Hollows ({grow_cost:echo_hollow} Dew): a hollow log that echoes Reactions: one nearby repeats a second later on the same nightmare, at {echo:echo_hollow} strength.",,"rarity=1; kind=1",,ok
dream_elder_stump,Elder Stump,uncommon,1,,1,true,acorn,"requires=[""acorn""]",,Acorns can now grow into Elder Stumps ({grow_cost:elder_stump} Dew): the 8 Wardens around it attack 20% faster.,,"rarity=1; kind=1",,"unmatched: 8, 20%"
dream_elf_circle,Elf Circle,rare,1,,1,false,spore,"requires=[""fairy_ring""]",,"Fairy Rings can now grow into Elf Circles ({grow_cost:elf_circle} Dew): more rings, and they wait until a nightmare steps on them.",,"rarity=2; kind=1",,ok
dream_fairy_ring,Fairy Ring,uncommon,1,,1,false,spore,"requires=[""sporeling""]",,"Sporelings can now grow into Fairy Rings ({grow_cost:fairy_ring} Dew): plants mushroom rings on the path; a nightmare stepping on one sets off a spore burst.",,"rarity=1; kind=1",,ok
dream_firefly_jar,Firefly Jar,common,1,,1,true,light,,,"Sprouts can now grow into Firefly Jars ({grow_cost:firefly_jar} Dew), or plant one directly ({plant_cost:firefly_jar} Dew). Sparks build {static} for free bolts.",,kind=0,,ok
dream_frostfern,Frostfern,uncommon,1,,1,false,water,"requires=[""dewdrop""]",,Dewdrops can now grow into Frostferns ({grow_cost:frostfern} Dew): hits on {damp} nightmares freeze them for a moment.,,"rarity=1; kind=1",,ok
dream_grafted_elder,Grafted Elder,rare,1,,1,false,acorn,"requires=[""graftling""]",,Graftlings can now grow into Grafted Elders ({grow_cost:grafted_elder} Dew): copies its strongest neighbour's attack at 85%.,,"rarity=2; kind=1",,unmatched: 85%
dream_graftling,Graftling,uncommon,1,,1,false,acorn,"requires=[""acorn""]",,"Acorns can now grow into Graftlings ({grow_cost:graftling} Dew): copies the attack of its strongest neighbouring Warden at 60%, statuses and all.",,"rarity=1; kind=1",,unmatched: 60%
dream_grandmother_oak,Grandmother Oak,legendary,1,,3,false,acorn,min_act=3,,"Any {family:acorn}-family final form can ascend into Grandmother Oak ({grow_cost:grandmother_oak} Dew, one per run): Wardens in her range deal 40% more and attack 20% faster; she gives 10 Dew after every {drift}.",,"rarity=3; kind=1; min_act=3",,"unmatched: 40%, 20%, 10"
dream_great_bell,The Great Bell,legendary,1,,3,false,song,min_act=3,,"Any {family:bellflower}-family final form can ascend into the Great Bell ({grow_cost:great_bell} Dew, one per run): every 8 s it tolls across a huge range: every nightmare falls {asleep} and all Charges go off at half strength.",,"rarity=3; kind=1; min_act=3",,unmatched: 8
dream_great_dreamcatcher,Great Dreamcatcher,rare,1,,1,true,song,"requires=[""dreamcatcher""]",,"Dreamcatchers can now grow into Great Dreamcatchers ({grow_cost:great_dreamcatcher} Dew): a wider net; {caught} nightmares' statuses stop wearing off and tick 25% harder; sleep in its range lasts 1 s longer, and {caught} nightmares leave {dreamlight} shards.",,"rarity=2; kind=1",,unmatched: 25%
dream_grove_heart,Grove Heart,rare,1,,1,false,acorn,"requires=[""elder_stump""]",,"Elder Stumps can now grow into Grove Hearts ({grow_cost:grove_heart} Dew): Wardens within 2 tiles get +15% damage and speed, more the more Wardens there are.",,"rarity=2; kind=1",,"unmatched: 2, 15%"
dream_gust,Gust,uncommon,1,,1,false,wind,"requires=[""whirligig""]",,Whirligigs can now grow into Gusts ({grow_cost:gust} Dew): copies the statuses of the most-afflicted nightmare in range onto 2 nearby ones (half stacks).,,"rarity=1; kind=1",,unmatched: 2
dream_hoarfrost,Hoarfrost,rare,1,,1,false,water,"requires=[""frostfern""]",,"Frostferns can now grow into Hoarfrosts ({grow_cost:hoarfrost} Dew): splashing frost shards that soak (up to 2 times); a nightmare soaked twice freezes for longer. More crits on {held} nightmares.",,"rarity=2; kind=1",,unmatched: 2
dream_honeysuckle,Honeysuckle,uncommon,1,,1,true,wall,"requires=[""thornwall""]",,Thornwalls can now grow into Honeysuckles ({grow_cost:honeysuckle} Dew): its sweet scent makes nightmares walking past it slowly {drowsy} (up to 3 stacks from walls alone).,,"rarity=1; kind=1",,unmatched: 3
dream_hummingbird_bower,Hummingbird Bower,uncommon,1,,1,false,wing,"requires=[""nestling""]",,"Nestlings can now grow into Hummingbird Bowers ({grow_cost:hummingbird_bower} Dew): a hummingbird pecks one nightmare six times in a second; every peck is a full hit.",,"rarity=1; kind=1",,ok
dream_jewelwing_court,Jewelwing Court,rare,1,,1,false,wing,"requires=[""hummingbird_bower""]",,"Hummingbird Bowers can now grow into Jewelwing Courts ({grow_cost:jewelwing_court} Dew): three hummingbirds, eight pecks each; every sixth peck is a guaranteed crit. They spread out or all focus the strongest.",,"rarity=2; kind=1",,ok
dream_lanternmoth,Lanternmoth,uncommon,1,,1,true,"light, mark","requires=[""firefly_jar""]",,"Firefly Jars can now grow into Lanternmoths ({grow_cost:lanternmoth} Dew): long range, Marks nightmares to take more damage.",,"rarity=1; kind=1",,ok
dream_long_way_home,Long Way Home,rare,1,,1,false,root,"requires=[""rootcurl""]",,"Rootcurls can now grow into Long Way Home ({grow_cost:long_way_home} Dew): every 5 s a nightmare is dragged back 3 tiles, once each.",,"rarity=2; kind=1",,"unmatched: 5, 3"
dream_lullaby_bell,Lullaby Bell,rare,1,,1,true,song,"requires=[""chime_stone""]",,"Chime Stones can now grow into Lullaby Bells ({grow_cost:lullaby_bell} Dew): a bigger pulse that charges {static} and sings nightmares {drowsy}, setting off bolts like Chime Stone.",,"rarity=2; kind=1",,ok
dream_magpie_perch,Magpie Perch,uncommon,1,,1,false,wing,"requires=[""nestling""]",,Nestlings can now grow into Magpie Perchs ({grow_cost:magpie_perch} Dew): nightmares its magpie hits drop +1 Dew when dispelled.,,"rarity=1; kind=1",,ok
dream_magpies_hoard,Magpie's Hoard,rare,1,,1,false,wing,"requires=[""magpie_perch""]",,"Magpie Perches can now grow into Magpie's Hoards ({grow_cost:magpies_hoard} Dew): as Magpie Perch, and every crit it lands gives +1 Dew (up to 15 per {drift}).",,"rarity=2; kind=1",,unmatched: 15
dream_midsummer,Midsummer,rare,1,,1,false,light,"requires=[""sunpetal""]",,Sunpetals can now grow into Midsummers ({grow_cost:midsummer} Dew): a brighter beam that ramps higher and carries on to the nightmare right behind its target. Switching targets keeps half its ramp.,,"rarity=2; kind=1",,ok
dream_mistveil,Mistveil,uncommon,1,,1,true,"water, fog","requires=[""dewdrop""]",,"Dewdrops can now grow into Mistveils ({grow_cost:mistveil} Dew): fog on the path keeps nightmares {damp}; {spored} ticks harder inside.",,"rarity=1; kind=1",,ok
dream_monsoon,Monsoon,rare,1,,1,false,water,"requires=[""rain_lily""]",,"Rain Lilies can now grow into Monsoons ({grow_cost:monsoon} Dew): rain on every nightmare in range, and 6 s of {damp}.",,"rarity=2; kind=1",,unmatched: 6
dream_moonstone,Moonstone,rare,1,,1,true,stone,"requires=[""standing_stone""]",,"Standing Stones can now grow into Moonstones ({grow_cost:moonstone} Dew): range 10; its first hit on each nightmare is always a crit.",,"rarity=2; kind=1",,unmatched: 10
dream_morning_fog,Morning Fog,rare,1,,1,false,water,"requires=[""mistveil""]",,Mistveils can now grow into Morning Fogs ({grow_cost:morning_fog} Dew): a wide fog that keeps nightmares {damp} (for 3 s after they leave) and makes {spored} tick harder.,,"rarity=2; kind=1",,unmatched: 3
dream_mossback,Mossback,uncommon,1,,1,true,stone,"requires=[""pebbling""]",,"Pebblings can now grow into Mossbacks ({grow_cost:mossback} Dew): one huge, slow hit at short range; double damage against {marked} nightmares.",,"rarity=1; kind=1",,ok
dream_nestling,Nestling,common,1,,1,false,wing,,,"Sprouts can now grow into Nestlings ({grow_cost:nestling} Dew), or plant one directly ({plant_cost:nestling} Dew). A bird swoops at a nightmare and flies home; extra damage to Phantoms.",,kind=0,,ok
dream_old_mountain,Old Mountain,legendary,1,,3,false,stone,min_act=3,,"Any {family:pebbling}-family final form can ascend into Old Mountain ({grow_cost:old_mountain} Dew, one per run): every 3 s it drops a boulder: Roots what it hits for 0.5 s and always crits on {held} or {drowsy} nightmares.",,"rarity=3; kind=1; min_act=3",,unmatched: 3
dream_pebbling,Pebbling,common,1,,1,false,stone,,,"Sprouts can now grow into Pebblings ({grow_cost:pebbling} Dew), or plant one directly ({plant_cost:pebbling} Dew). Slow, heavy pebbles.",,kind=0,,ok
dream_pinwheel,Pinwheel,uncommon,1,,1,false,wind,"requires=[""whirligig""]",,"Whirligigs can now grow into Pinwheels ({grow_cost:pinwheel} Dew): spinning blades hit every nightmare on the 8 tiles around it; stronger the more of them are path.",,"rarity=1; kind=1",,unmatched: 8
dream_puffball,Puffball,rare,1,,1,false,spore,"requires=[""driftspore""]",,"Driftspores can now grow into Puffballs ({grow_cost:puffball} Dew): its puff bursts on landing over 1 tile, giving 2 {spored} to every nightmare there, and nightmares it hits can hold 16 {spored}.",,"rarity=2; kind=1",,"unmatched: 2, 16"
dream_rain_lily,Rain Lily,uncommon,1,,1,true,water,"requires=[""dewdrop""]",,"Dewdrops can now grow into Rain Lilies ({grow_cost:rain_lily} Dew): bigger splash, longer {damp}.",,"rarity=1; kind=1",,ok
dream_rockslide,Rockslide,rare,1,,1,false,stone,"requires=[""cairn""]",,"Cairns can now grow into Rockslides ({grow_cost:rockslide} Dew): a bigger splash, and the path where its stones land is left with rubble that slows for 3 s.",,"rarity=2; kind=1",,unmatched: 3
dream_rootcurl,Rootcurl,uncommon,1,,1,true,root,"requires=[""rootling""]",,Rootlings can now grow into Rootcurls ({grow_cost:rootcurl} Dew): every 4 s the nightmare furthest along is pulled back a tile.,,"rarity=1; kind=1",,unmatched: 4
dream_rootlight,Rootlight,uncommon,1,,1,false,root,"requires=[""rootling""]",,"Rootlings can now grow into Rootlights ({grow_cost:rootlight} Dew): glowing roots light the path around it; nightmares in the light are {marked}.",,"rarity=1; kind=1",,ok
dream_rootling,Rootling,common,1,,1,false,root,,,"Sprouts can now grow into Rootlings ({grow_cost:rootling} Dew), or plant one directly ({plant_cost:rootling} Dew). Roots nip at everything nearby.",,kind=0,,ok
dream_samara,Samara,uncommon,1,,1,false,wind,"requires=[""whirligig""]",,"Whirligigs can now grow into Samaras ({grow_cost:samara} Dew): throws a spinning maple seed down a straight line and back through everything, carrying the first nightmare's statuses along it.",,"rarity=1; kind=1",,ok
dream_snugroot,Snugroot,rare,1,,1,false,root,"requires=[""tangleroot""]",,Tangleroots can now grow into Snugroots ({grow_cost:snugroot} Dew): every 3 s up to 3 nightmares are {held} for 1 s.,,"rarity=2; kind=1",,"unmatched: 3, 3"
dream_sporeling,Sporeling,common,1,,1,true,spore,,,"Sprouts can now grow into Sporelings ({grow_cost:sporeling} Dew), or plant one directly ({plant_cost:sporeling} Dew). {spored} nightmares take damage over time.",,kind=0,,ok
dream_sporemother,Sporemother,legendary,1,,3,false,spore,min_act=3,,"Any {family:sporeling}-family final form can ascend into Sporemother ({grow_cost:sporemother} Dew, one per run): her storm gives 2 {spored} per second to everything in range, and {spored} never wears off while a nightmare is in her range.",,"rarity=3; kind=1; min_act=3",,unmatched: 2
dream_standing_stone,Standing Stone,uncommon,1,,1,true,stone,"requires=[""pebbling""]",,"Pebblings can now grow into Standing Stones ({grow_cost:standing_stone} Dew): sniper: one slow, heavy shot that hits harder the further away; it can't hit nightmares right beside it.",,"rarity=1; kind=1",,ok
dream_starcave,Starcave,rare,1,,1,false,root,"requires=[""rootlight""]",,"Rootlights can now grow into Starcaves ({grow_cost:starcave} Dew): a bigger lit area; {marked} lingers 2 s after a nightmare leaves the light.",,"rarity=2; kind=1",,unmatched: 2
dream_starling_murmuration,Starling Murmuration,rare,1,,1,false,wing,"requires=[""wrens_nest""]",,Wren's Nests can now grow into Starling Murmurations ({grow_cost:starling_murmuration} Dew): three starlings each hunt one of the three fastest nightmares in range.,,"rarity=2; kind=1",,ok
dream_stormcap,Stormcap,uncommon,1,,1,true,"light, storm","requires=[""firefly_jar""]",,"Firefly Jars can now grow into Stormcaps ({grow_cost:stormcap} Dew): chain lightning, stronger through {damp} nightmares.",,"rarity=1; kind=1",,ok
dream_stormheart,Stormheart,legendary,1,,3,false,light,min_act=3,,"Any {family:firefly_jar}-family final form can ascend into Stormheart ({grow_cost:stormheart} Dew, one per run): its lightning jumps to every nightmare in range (−15% per jump) and leaves 2 {static}.",,"rarity=3; kind=1; min_act=3",,"unmatched: 15%, 2"
dream_sunpetal,Sunpetal,uncommon,1,,1,false,light,"requires=[""firefly_jar""]",,"Firefly Jars can now grow into Sunpetals ({grow_cost:sunpetal} Dew): a beam that grows stronger the longer it holds one nightmare; twice as fast on {drowsy} or {held} ones.",,"rarity=1; kind=1",,ok
dream_tangleroot,Tangleroot,uncommon,1,,1,true,root,"requires=[""rootling""]",,Rootlings can now grow into Tangleroots ({grow_cost:tangleroot} Dew): every 3 s the nightmare furthest along is {held} for 1 s.,,"rarity=1; kind=1",,unmatched: 3
dream_tempest,The Whirlwind,legendary,1,,3,false,wind,min_act=3,,"Any {family:whirligig}-family final form can ascend into the Whirlwind ({grow_cost:tempest} Dew, one per run): a cyclone roams the path in its range, hitting everything it passes; statuses it touches travel with it and settle on the rest.",,"rarity=3; kind=1; min_act=3",,ok
dream_thunderhead,Thunderhead,rare,1,,1,false,"light, storm","requires=[""stormcap""]",,Stormcaps can now grow into Thunderheads ({grow_cost:thunderhead} Dew): every 5th strike hits every {damp} nightmare in range.,,"rarity=2; kind=1",,unmatched: 5
dream_tidecaller,Tidecaller,legendary,1,,3,false,water,min_act=3,,"Any {family:dewdrop}-family final form can ascend into Tidecaller ({grow_cost:tidecaller} Dew, one per run): every 6 s a great wave soaks everything in range, pushes it back a tile and freezes the already {damp}.",,"rarity=3; kind=1; min_act=3",,unmatched: 6
dream_wellspring,Wellspring,rare,1,,1,false,acorn,"requires=[""dewcatcher""]",,"Dewcatchers can now grow into Wellsprings ({grow_cost:wellspring} Dew): a bigger catch (+60%), and 8% of your banked Dew at every {rest} (up to 60).",,"rarity=2; kind=1",,"unmatched: 60%, 8%, 60"
dream_whirligig,Whirligig,common,1,,1,false,wind,,,"Sprouts can now grow into Whirligigs ({grow_cost:whirligig} Dew), or plant one directly ({plant_cost:whirligig} Dew). Gusts nudge nightmares back a little.",,kind=0,,ok
dream_whispering_hollow,Whispering Hollow,rare,1,,1,false,song,"requires=[""echo_hollow""]",,"Echo Hollows can now grow into Whispering Hollows ({grow_cost:whispering_hollow} Dew): echoes at {echo:whispering_hollow} strength over a wider area, and every echo counts as a chain link.",,"rarity=2; kind=1",,ok
dream_windmill,Windmill,rare,1,,1,false,wind,"requires=[""pinwheel""]",,"Pinwheels can now grow into Windmills ({grow_cost:windmill} Dew): bigger, faster blades; loves hairpin bends.",,"rarity=2; kind=1",,ok
dream_world_root,World Root,legendary,1,,3,false,root,min_act=3,,"Any {family:rootling}-family final form can ascend into World Root ({grow_cost:world_root} Dew, one per run): every 5 s roots erupt, Rooting everything in range for 1 s; {held} nightmares take 30% more from every Warden.",,"rarity=3; kind=1; min_act=3",,"unmatched: 5, 30%"
dream_wrens_nest,Wren's Nest,uncommon,1,,1,false,wing,"requires=[""nestling""]",,"Nestlings can now grow into Wren's Nests ({grow_cost:wrens_nest} Dew): quick wrens hunt the fastest nightmare in range; extra damage to Phantoms and sprinting Night Hounds.",,"rarity=1; kind=1",,ok
dream_zephyr,Zephyr,rare,1,,1,false,wind,"requires=[""gust""]",,Gusts can now grow into Zephyrs ({grow_cost:zephyr} Dew): spreads the most-afflicted nightmare's statuses to up to 5 others.,,"rarity=2; kind=1",,unmatched: 5
drumbeat,Drumbeat,uncommon,1,,1,false,swift,,drumbeat,A Warden touching 2 or more other attacking Wardens attacks 30% faster.,,"rarity=1; kind=3","DRUMBEAT_TOUCHING=2; DRUMBEAT_SPEED=0.30",ok
eddy,Eddy,uncommon,1,,1,true,"wind, maze","requires=[""whirligig""]",eddy,Gust's copies also reach nightmares on the path tiles beside the target (bends count double).,,"rarity=1; kind=3",,ok
elder_kin,Elder Kin,uncommon,1,,1,false,"nurture, kinship, tall",min_rank_count=1,elder_kin,Ranked Wardens in a {kinship} share 25% of their rank bonuses with their kin.,,"rarity=1; kind=3; min_rank_count=1",ELDER_KIN_SHARE=0.25,ok
encore,Encore,rare,1,,1,false,"song, reaction","requires=[""echo_hollow""]; entwined=true; requires_tag=reaction",encore,"An echo can echo once more, at half strength.",,"rarity=2; kind=3",,ok
endless_night,Endless Night,rare,1,,2,true,reaction,"requires=[""bloomcap"", ""rain_lily"", ""bellflower""]; min_act=2; entwined=true",endless_night,{combo:nightbloom} clouds last 7 s and spread 1.5 times as wide.,{combo:nightbloom} can fire half as often.,"rarity=2; kind=3; min_act=2",,"verified 2026-10-02 (by hand: 7, 1.5)"
endless_rings,Endless Rings,legendary,1,,2,false,"nurture, tall",min_act=2,endless_rings,"The Eldest has no max rank. Past VII each rank costs 1.2 times the one before (VIII 216, IX 259, …, times the tier) and gives +10% damage. Taking it names your Eldest, and Wardens touching the Eldest get 25% of its rank bonuses.",,"rarity=3; kind=3; min_act=2; max_rank_set=99",BASE_MAX_RANK=5,"verified 2026-10-02 (by hand: 1.2, 216, 259, 10%, 25%)"
eternal_static,Eternal Charge,legendary,1,,2,false,storm,min_act=2,eternal_static,"Every 4th hit from any Warden adds 1 {static} stack, and {static} never decays.",,"rarity=3; kind=3; min_act=2",ETERNAL_STATIC_EVERY=4,ok
evergreen,Evergreen,uncommon,1,,1,true,economy,,,Growing Wardens costs 25% less Dew.,,"rarity=1; kind=4; evolve_discount=0.25",,ok
evergreen_ii,Evergreen II,uncommon,1,evergreen,1,true,economy,deepens=evergreen,,Growing Wardens costs 40% less Dew.,,"rarity=1; kind=4; evolve_discount=0.4",,ok
extended_family,Extended Family,rare,1,,1,true,kinship,min_kinships=1,extended_family,"{kinships} reach 3 cells. Each Warden can be in 2 {kinships}, with two different kin.",,"rarity=2; kind=3; min_kinships=1",,"unmatched: 3, 2"
eye_of_the_tempest,Eye of the Tempest,rare,1,,2,true,reaction,"requires=[""stormcap"", ""rain_lily"", ""driftspore""]; min_act=2; entwined=true",eye_of_the_tempest,"{combo:tempest} arcs reach 1 cell further, and its {combo:ignite}s spread 2 stacks.",{combo:tempest} can fire half as often.,"rarity=2; kind=3; min_act=2","WOVEN_RULE={&""tempest"": &""eye_of_the_tempest"", &""still_pool"": &""deep_stillness"", &""fever_dream"": &""fever_pitch"",",unmatched: 2
falling_stars,Falling Stars,rare,1,,2,true,reaction,"requires=[""firefly_jar"", ""tangleroot""]; min_act=2; entwined=true; requires_any=[""chime_stone"", ""bellflower""]",falling_stars,{combo:starfall} pulls bolts from 5 cells away.,{combo:starfall} can fire half as often.,"rarity=2; kind=3; min_act=2",,verified 2026-10-02 (by hand: 5)
falling_weight,Falling Weight,uncommon,1,,1,true,"stone, held","requires=[""pebbling""]",falling_weight,The Pebbling line deals 45% more to {held} or {asleep} nightmares.,,"rarity=1; kind=3",FALLING_WEIGHT_BONUS=0.45,ok
family_ties,Family Ties,common,0,,1,true,kinship,,family_ties,Wardens in a {kinship} +20% damage.,,"kind=3; max_stacks=0",FAMILY_TIES_PER=0.20,ok
far_reach,Far Reach,uncommon,1,,1,false,reach,,far_reach,Wardens with an area attack get +0.75 range.,,"rarity=1; kind=3","FAR_REACH_RANGE=[0.75, 1.25]",ok
far_reach_ii,Far Reach II,uncommon,1,far_reach,1,false,reach,deepens=far_reach,far_reach,Wardens with an area attack get +1.25 range.,,"rarity=1; kind=3","FAR_REACH_RANGE=[0.75, 1.25]",ok
fever_pitch,Fever Pitch,rare,1,,2,true,reaction,"requires=[""driftspore"", ""tangleroot"", ""bellflower""]; min_act=2; entwined=true",fever_pitch,"{combo:fever_dream} spreads to nightmares within 1.5 cells, not just next to it.",{combo:fever_dream} can fire half as often.,"rarity=2; kind=3; min_act=2","WOVEN_RULE={&""tempest"": &""eye_of_the_tempest"", &""still_pool"": &""deep_stillness"", &""fever_dream"": &""fever_pitch"",",verified 2026-10-02 (by hand: 1.5)
few_and_mighty,Few and Mighty,rare,1,,1,false,"narrow, tall",,few_and_mighty,"The fewer attackers, the stronger: all Wardens +8% damage for each attacking Warden you have under 12 (max +80%).",,"rarity=2; kind=3; max_attackers=12","FEW_AND_MIGHTY_BELOW=12; FEW_AND_MIGHTY_PER=0.08",verified 2026-10-02 (by hand: 80%)
fireflies_in_the_grass,Fireflies in the Grass,uncommon,1,,1,true,"storm, sprout","requires=[""firefly_jar""]",fireflies_in_the_grass,Sprouts touching a Firefly-line Warden add 1 {static} every 3rd hit.,,"rarity=1; kind=3","CATALOGUE_HIT_RULES=[&""mycelium"", &""fireflies_in_the_grass"", &""resonance""]",unmatched: 3
first_light,First Light,rare,1,,1,true,precision,,first_light,Each Warden's first hit on a nightmare deals ×3 damage.,,"rarity=2; kind=3",FIRST_LIGHT_MULTIPLIER=3.0,ok
flurry,Flurry,uncommon,1,,1,false,swift,,flurry,Every 5th attack from a Warden fires twice.,,"rarity=1; kind=3",FLURRY_EVERY=5,ok
forests_edge,Forest's Edge,common,1,,1,false,maze,,forests_edge,Wardens within 3 cells of the start deal 35% more damage.,,kind=3,"FORESTS_EDGE_CELLS=3; FORESTS_EDGE_BONUS=0.35",ok
fresh_growth,Fresh Growth,uncommon,1,,1,true,"tempo, daring",,fresh_growth,A Warden planted or grown during a {drift} deals 50% more damage until the next {rest}.,,"rarity=1; kind=3","FRESH_GROWTH_BONUS=[0.50, 0.75]",ok
fresh_growth_ii,Fresh Growth II,uncommon,1,fresh_growth,1,true,"tempo, daring",deepens=fresh_growth,fresh_growth,A Warden planted or grown during a {drift} deals 75% more damage until the next {rest}.,,"rarity=1; kind=3","FRESH_GROWTH_BONUS=[0.50, 0.75]",ok
full_moon,Full Moon,legendary,1,,2,false,"crit, precision",min_act=2,full_moon,All Wardens +10% crit chance. Crit chance above 100% becomes crit damage.,,"rarity=3; kind=3; min_act=2","CRIT_RULES=[&""glinting_dew"", &""heavy_stones"", &""seasoned_eye"", &""full_moon"",; FULL_MOON_CRIT=0.10",unmatched: 100%
glimmering_hunt,Glimmering Hunt,uncommon,1,,2,true,dreamlight,min_act=2,glimmering_hunt,"{deeply_blighted} nightmares have a 30% chance to drop a {dreamlight} shard (10 shards = 1 {dreamlight}; up to 3 {dreamlight} per run).",,"rarity=1; kind=3; min_act=2",GLIMMER_CHANCE=0.30,"verified 2026-10-02 (by hand: 10, 3)"
glinting_dew,Glinting Dew,common,3,,1,true,"crit, precision",,glinting_dew,All Wardens +8% crit chance (stacks).,,"kind=3; max_stacks=3","GLINTING_DEW_PER=0.08; CRIT_RULES=[&""glinting_dew"", &""heavy_stones"", &""seasoned_eye"", &""full_moon"",",ok
golden_harvest,Golden Harvest,legendary,1,,2,false,"seed, acorn, economy, support",min_act=2,golden_harvest,Nothing yet: the gamble.,,"rarity=3; kind=3; min_act=2","GOLDEN_HARVEST_PER=0.02; GOLDEN_HARVEST_MAX=0.30",ok
grand_tour,Grand Tour,rare,1,,1,false,"variety, overgrowth",min_owned_statuses=2,grand_tour,+10% damage for each different status your Wardens can apply (max +70%).,,"rarity=2; kind=3; min_owned_statuses=2","GRAND_TOUR_PER=0.10; GRAND_TOUR_MAX=0.70",ok
grandfather_stump,Grandfather Stump,uncommon,1,,1,false,"support, acorn","requires=[""grove_heart""]",grandfather_stump,"Grove Heart gives +4% per nearby Warden, up to +45%.",,"rarity=1; kind=3",,"verified 2026-10-02 (by hand: 4%, 45%)"
great_ripple,Great Ripple,legendary,1,,2,false,reach,min_act=2,great_ripple,"Every area attack hits again 1 s later in a ring 1 cell wider, at 50% (an aftershock).",,"rarity=3; kind=3; min_act=2","GREAT_RIPPLE_SHARE=0.50; NO_CRIT=0; GROVE_AREA_RULES=[&""lingering_splash"", &""great_ripple""]; GREAT_RIPPLE_DELAY=1.0; GREAT_RIPPLE_WIDER=1.0",ok
grove_of_kin,Grove of Kin,legendary,1,,2,true,kinship,"min_act=2; min_kinships=2",grove_of_kin,Every {kinship} on the map gives all Wardens +5% damage (up to +50%).,,"rarity=3; kind=3; min_act=2; min_kinships=2","GROVE_OF_KIN_PER=0.05; GROVE_OF_KIN_MAX=0.50",ok
guiding_light,Guiding Light,rare,1,,1,true,mark,"requires=[""lanternmoth"", ""cozy_corners""]; entwined=true",guiding_light,{marked} spreads to nightmares within 1 tile of the target.,,"rarity=2; kind=3","MARKED=&""marked""; MAP_GRID=preload(""res://resource/map/map_grid.tres"")",ok
guiding_light_ii,Guiding Light II,rare,1,guiding_light,1,true,mark,"requires=[""lanternmoth""]; deepens=guiding_light",guiding_light,{marked} spreads to nightmares within 2 tiles of the target.,,"rarity=2; kind=3","MARKED=&""marked""; MAP_GRID=preload(""res://resource/map/map_grid.tres"")",unmatched: 2
hairpin_winds,Hairpin Winds,uncommon,1,,1,false,"wind, maze","requires=[""pinwheel""]",hairpin_winds,"Pinwheel and Windmill blades can gain one more path tile's bonus (Pinwheel up to +120%, Windmill +135%).",,"rarity=1; kind=3",HAIRPIN_WINDS_EXTRA=1,"unmatched: 120%, 135%"
harvest_moon,Harvest Moon,uncommon,1,,1,false,"seed, acorn, economy, support",,harvest_moon,+15 Dew at every {rest}.,,"rarity=1; kind=3; rest_bonus_add=15",HARVEST_MOON=0.5,ok
head_start,Head Start,uncommon,1,,1,true,"tempo, daring",,head_start,Nightmares of a {drift} you called early take 40% more damage for their first 10 s.,,"rarity=1; kind=3","HEAD_START_BONUS=[0.40, 0.60]; HEAD_START_TIME=10.0",ok
head_start_ii,Head Start II,uncommon,1,head_start,1,true,"tempo, daring",deepens=head_start,head_start,Nightmares of a {drift} you called early take 60% more damage for their first 10 s.,,"rarity=1; kind=3","HEAD_START_BONUS=[0.40, 0.60]; HEAD_START_TIME=10.0",ok
heart_of_the_maze,Heart of the Maze,rare,1,,1,true,maze,min_attackers=4,heart_of_the_maze,The attacking Warden furthest along the path from the others deals ×2 damage.,,"rarity=2; kind=3; min_attackers=4",,unmatched: ×2
heartwoods_reach,Heartwood's Reach,common,2,,1,true,"clearing, opener, tending",min_obstacles=8,,"Clearing costs 25% less Dew, and gain 3 half-price clears. Use them any time; they last all run.",,"kind=4; max_stacks=2; min_obstacles=8; clear_discount=0.25; free_clears_add=3",,ok
heavy_air,Heavy Air,uncommon,1,,1,true,"status, affliction","requires_any_status=[&""drowsy""]",heavy_air,Every slow your Wardens apply is 40% stronger.,,"rarity=1; kind=3","HEAVY_AIR_BONUS=0.40; SLOW_STATUSES=[&""drowsy""]",ok
heavy_dew,Heavy Dew,common,0,,1,true,water,"requires=[""dewdrop""]",,"The Dewdrop line splashes 50% wider, and its {damp} lasts 2 s longer.",,"max_stacks=0; splash_bonus=0.5; status_duration_add=2.0",,ok
heavy_eyelids,Heavy Eyelids,uncommon,1,,1,false,"song, sleep",requires_status=drowsy,heavy_eyelids,Nightmares can hold 2 more {drowsy} stacks (bosses 1 more).,,"rarity=1; kind=3",,verified 2026-10-02 (by hand: 2)
heavy_eyelids_ii,Heavy Eyelids II,uncommon,1,heavy_eyelids,1,false,"song, sleep",deepens=heavy_eyelids,heavy_eyelids,Nightmares can hold 3 more {drowsy} stacks (bosses 1 more).,,"rarity=1; kind=3",,unmatched: 3
heavy_seed,Heavy Seed,uncommon,1,,1,false,wind,"requires=[""samara""]",heavy_seed,The seed's return pass hits for double.,,"rarity=1; kind=3",,ok
heavy_stones,Heavy Stones,common,3,,1,true,"stone, crit, precision","requires=[""pebbling""]",heavy_stones,The Pebbling line +15% crit chance (stacks).,,"kind=3; max_stacks=3","HEAVY_STONES_PER=0.15; CRIT_RULES=[&""glinting_dew"", &""heavy_stones"", &""seasoned_eye"", &""full_moon"",",ok
hedge_maze,Hedge Maze,uncommon,1,,1,true,"wall, maze",,hedge_maze,+1% damage for every 3 Thornwalls you have (up to +30%).,,"rarity=1; kind=3",,"verified 2026-10-02 (by hand: 3, 30%)"
hedge_maze_ii,Hedge Maze II,uncommon,1,hedge_maze,1,true,"wall, maze",deepens=hedge_maze,hedge_maze,+1% damage for every 2 Thornwalls you have (up to +45%).,,"rarity=1; kind=3",,"verified 2026-10-02 (by hand: 2, 45%)"
hedgerow_roots,Hedgerow Roots,rare,1,,1,false,"support, acorn, wall","requires_any=[""acorn"", ""elder_stump"", ""grove_heart""]",hedgerow_roots,Auras flow through Thornwalls: a Warden touching a Thornwall that touches an aura Warden also gets that aura.,,"rarity=2; kind=3",,ok
hollow_ground,Hollow Ground,uncommon,1,,1,false,"clearing, tending",min_obstacles=8,hollow_ground,A Warden planted in a moved hollow (where you cleared a Mossy Boulder or Thorn-Sapling) gets +1 range.,,"rarity=1; kind=3; min_obstacles=8","HOLLOW_GROUND_RANGE=[1.0, 1.5]",ok
hollow_ground_ii,Hollow Ground II,uncommon,1,hollow_ground,1,false,"clearing, tending","deepens=hollow_ground; min_obstacles=8",hollow_ground,A Warden planted in a moved hollow (where you cleared a Mossy Boulder or Thorn-Sapling) gets +1.5 range.,,"rarity=1; kind=3; min_obstacles=8","HOLLOW_GROUND_RANGE=[1.0, 1.5]",ok
homing_instinct,Homing Instinct,uncommon,1,,1,true,wing,"requires=[""nestling""]",homing_instinct,Birds come back from a swoop 50% faster.,,"rarity=1; kind=3","HOMING_SPEED=[1.5, 1.9]",ok
homing_instinct_ii,Homing Instinct II,uncommon,1,homing_instinct,1,true,wing,"requires=[""nestling""]; deepens=homing_instinct",homing_instinct,Birds come back from a swoop 90% faster.,,"rarity=1; kind=3","HOMING_SPEED=[1.5, 1.9]",ok
hummingheart,Hummingheart,rare,1,,1,false,swift,,hummingheart,Every +10% bonus attack speed a Warden has also gives it +3% damage (up to +60%).,,"rarity=2; kind=3","HUMMINGHEART_STEP=0.10; HUMMINGHEART_PER=0.03; HUMMINGHEART_MAX=0.60",ok
hunters_moon,Hunter's Moon,legendary,1,,2,false,mark,min_act=2,hunters_moon,"Each Warden's first hit on a nightmare Exposes it, and {marked} never wears off. A dispelled {marked} nightmare Exposes the 2 nearest within 3 cells.",,"rarity=3; kind=3; min_act=2","MARKED=&""marked""","unmatched: 2, 3"
hunters_patience,Hunter's Patience,rare,1,,2,false,precision,min_act=2,hunters_patience,"Wardens deal 60% more damage to {deeply_blighted} nightmares, 35% more to bosses, and 40% more with +1 range against flying nightmares.",,"rarity=2; kind=3; min_act=2","HIT_RULES=[&""last_stand"", &""hunters_patience"", &""bitter_hedges"", &""lone_hunter"",; HUNTERS_PATIENCE_ELITE=0.60; HUNTERS_PATIENCE_BOSS=0.35; SKYWARD_BONUS=0.40",ok
hush,Hush,common,3,,1,false,"song, sleep","requires=[""bellflower""]",hush,"Bellflower-line pulses reach 25% further (stacks, up to +75%).",,"kind=3; max_stacks=3",HUSH_RADIUS=0.25,ok
ill_wind,Ill Wind,uncommon,1,,1,true,"wind, potency","requires=[""whirligig""]",ill_wind,Statuses copied by Gust and Zephyr deal 45% more effect damage.,,"rarity=1; kind=3",ILL_WIND_BONUS=0.45,ok
kin_and_kindling,Kin and Kindling,rare,1,,1,true,"kinship, reaction","entwined=true; requires_tag=reaction; min_kinships=1",kin_and_kindling,{harmonies} apply both Wardens' statuses (1 stack each) to the nightmare.,They deal no damage.,"rarity=2; kind=3; min_kinships=1",,ok
kind_canopy,Kind Canopy,uncommon,1,,1,false,"seed, acorn",,kind_canopy,Wardens touching 3 or more other Wardens deal 20% more damage.,,"rarity=1; kind=3","KIND_CANOPY_WARDENS=[""acorn"", ""elder_stump"", ""grove_heart""]; KIND_CANOPY_REACH=1.0; KIND_CANOPY_TOUCHING=3; KIND_CANOPY_BONUS=0.20",ok
kindred_roots,Kindred Roots,uncommon,1,,1,true,"nurture, maze, tall","requires_tag=nurture; min_rank_count=1",kindred_roots,Each Warden gets +2% damage per rank of the Wardens touching it (up to +30%).,,"rarity=1; kind=3; min_rank_count=1",,"verified 2026-10-02 (by hand: 2%, 30%)"
kindred_roots_ii,Kindred Roots II,uncommon,1,kindred_roots,1,true,"nurture, maze, tall",deepens=kindred_roots,kindred_roots,Each Warden gets +3% damage per rank of the Wardens touching it (up to +45%).,,"rarity=1; kind=3",,"verified 2026-10-02 (by hand: 3%, 45%)"
last_breath,Last Breath,uncommon,1,,1,true,"affliction, reach",,last_breath,A dispelled nightmare bursts for 10% of its max health on nightmares within 1 cell (never chains).,,"rarity=1; kind=3","LAST_BREATH_SHARE=[0.10, 0.15]; LAST_BREATH_BOSS_CAP=0.05; LAST_BREATH_CELLS=1.0",ok
last_breath_ii,Last Breath II,uncommon,1,last_breath,1,true,"affliction, reach",deepens=last_breath,last_breath,A dispelled nightmare bursts for 15% of its max health on nightmares within 1 cell (never chains).,,"rarity=1; kind=3","LAST_BREATH_SHARE=[0.10, 0.15]; LAST_BREATH_BOSS_CAP=0.05; LAST_BREATH_CELLS=1.0",ok
last_leaf,Last Leaf,legendary,1,,2,false,"leaves, daring",min_act=2,last_leaf,All Wardens +6% damage for each leaf below your maximum (up to +60%).,,"rarity=3; kind=3; min_act=2","LAST_LEAF_PER=0.06; LAST_LEAF_MAX=0.60",ok
last_stand,Last Stand,rare,1,,1,false,"maze, daring",,last_stand,"Nightmares within 4 cells of the Heartwood take 35% more damage, and Wardens within 4 cells of it deal 3% more for each missing leaf (max +30%).",,"rarity=2; kind=3","HIT_RULES=[&""last_stand"", &""hunters_patience"", &""bitter_hedges"", &""lone_hunter"",; LAST_STAND_BONUS=0.35; LAST_STAND_CELLS=4","verified 2026-10-02 (by hand: 3%, 30%)"
lasting_dreams,Lasting Dreams,common,3,,1,true,"status, affliction",min_owned_statuses=1,lasting_dreams,Every status your Wardens apply lasts 2 s longer.,,"kind=3; max_stacks=3; min_owned_statuses=1",LASTING_DREAMS_PER=2.0,ok
lingering_mark,Lingering Mark,uncommon,1,,1,true,"light, mark","requires=[""lanternmoth""]",,{marked} lasts 3 s longer.,,"rarity=1; status_duration_add=3.0",,ok
lingering_mark_ii,Lingering Mark II,uncommon,1,lingering_mark,1,true,"light, mark","requires=[""lanternmoth""]; deepens=lingering_mark",,{marked} lasts 6 s longer.,,"rarity=1; status_duration_add=6.0",,ok
lingering_splash,Lingering Splash,uncommon,1,,1,false,reach,,lingering_splash,"Every 3rd area attack leaves a patch (1 cell, 2 s) that deals 25% of that hit each second to nightmares inside.",,"rarity=1; kind=3","TICK=0.5; GROVE_AREA_RULES=[&""lingering_splash"", &""great_ripple""]; LINGERING_SPLASH_EVERY=[3, 2]; LINGERING_SPLASH_SHARE=0.25; LINGERING_SPLASH_TIME=2.0",ok
lingering_splash_ii,Lingering Splash II,uncommon,1,lingering_splash,1,false,reach,deepens=lingering_splash,lingering_splash,"Every 2nd area attack leaves a patch (1 cell, 2 s) that deals 25% of that hit each second to nightmares inside.",,"rarity=1; kind=3","TICK=0.5; GROVE_AREA_RULES=[&""lingering_splash"", &""great_ripple""]; LINGERING_SPLASH_EVERY=[3, 2]; LINGERING_SPLASH_SHARE=0.25; LINGERING_SPLASH_TIME=2.0",ok
lingering_spores,Lingering Spores,uncommon,1,,1,true,spore,"requires=[""sporeling""]",,{spored} lasts 3 s longer.,,"rarity=1; status_duration_add=3.0",,ok
lingering_spores_ii,Lingering Spores II,uncommon,1,lingering_spores,1,true,spore,deepens=lingering_spores,,{spored} lasts 5 s longer and stacks 2 higher.,,"rarity=1; status_duration_add=5.0; status_max_stacks_add=2",,ok
live_wire,Live Wire,common,3,,1,true,storm,requires_status=static,live_wire,{static} bolts deal 15% more (stacks).,,"kind=3; max_stacks=3",LIVE_WIRE_PER=0.15,ok
living_walls,Living Walls,rare,1,,1,false,"tending, wall","requires=[""bramble""]",living_walls,A Thornwall that stands 5 {drifts} grows into a Bramble for free.,,"rarity=2; kind=3",LIVING_WALLS_DRIFTS=5,ok
lone_hunter,Lone Hunter,uncommon,1,,1,true,precision,,lone_hunter,Wardens deal 45% more damage to a nightmare with no other nightmare within 2 cells.,,"rarity=1; kind=3","LONE_HUNTER_BONUS=[0.45, 0.70]; HIT_RULES=[&""last_stand"", &""hunters_patience"", &""bitter_hedges"", &""lone_hunter"",; LONE_HUNTER_CELLS=2.0",ok
lone_hunter_ii,Lone Hunter II,uncommon,1,lone_hunter,1,true,precision,deepens=lone_hunter,lone_hunter,Wardens deal 70% more damage to a nightmare with no other nightmare within 2 cells.,,"rarity=1; kind=3","LONE_HUNTER_BONUS=[0.45, 0.70]; HIT_RULES=[&""last_stand"", &""hunters_patience"", &""bitter_hedges"", &""lone_hunter"",; LONE_HUNTER_CELLS=2.0",ok
long_light,Long Light,uncommon,1,,1,true,"root, held","requires=[""rootlight""]",long_light,Rootlight's lit tiles stay lit 3 s after its light moves on.,,"rarity=1; kind=3",LONG_LIGHT_LINGER=3.0,ok
long_shadows,Long Shadows,uncommon,1,,1,false,range,"requires_any=[""standing_stone"", ""lanternmoth""]",long_shadows,Wardens with range 5 or more reach 2 tiles further.,,"rarity=1; kind=3","LONG_SHADOWS_RANGE=2.0; LONG_SHADOWS_FROM=5.0",ok
longer_flight,Longer Flight,common,3,,1,false,"wind, maze","requires=[""samara""]",longer_flight,"The Samara line throws 1 cell further (stacks, up to +3).",,"kind=3; max_stacks=3","MAP_GRID=preload(""res://resource/map/map_grid.tres"")",unmatched: 3
longer_roots,Longer Roots,common,0,,1,true,,,,All Wardens reach 0.5 tiles further.,,"max_stacks=0; range_bonus=0.5",,ok
loose_stones,Loose Stones,uncommon,1,,1,false,stone,"requires=[""cairn""]",loose_stones,Cairn and Rockslide stones break into 3 on landing: 35% each onto random tiles within 1.5 cells.,,"rarity=1; kind=3",,"verified 2026-10-02 (by hand: 3, 35%, 1.5)"
lucid_dreaming,Lucid Dreaming,legendary,1,,2,false,dreams,min_act=2,lucid_dreaming,Dream offers show 4 cards and you take 2. Commons are no longer offered.,,"rarity=3; kind=3; min_act=2",,"verified 2026-10-02 (by hand: 4, 2)"
lullaby,Lullaby,uncommon,1,,1,true,song,"requires=[""dreamcatcher""]",lullaby,A {caught} nightmare stays {caught} 1 s after leaving a Dreamcatcher's range.,,"rarity=1; kind=3","LULLABY_LINGER=[1.0, 2.0]",ok
lullaby_ii,Lullaby II,uncommon,1,lullaby,1,true,song,"requires=[""dreamcatcher""]; deepens=lullaby",lullaby,A {caught} nightmare stays {caught} 2 s after leaving a Dreamcatcher's range.,,"rarity=1; kind=3","LULLABY_LINGER=[1.0, 2.0]",ok
many_hands,Many Hands,uncommon,1,,1,true,"wide, overgrowth",min_attackers=15,many_hands,All Wardens +1% damage for every 2 attacking Wardens you have (up to +40%).,,"rarity=1; kind=3; min_attackers=15","MANY_HANDS_PER=2; MANY_HANDS_MAX=0.40",ok
many_threads,Many Threads,uncommon,1,,1,false,"support, song","requires=[""dreamcatcher""]",many_threads,"Dreamcatchers Catch nightmares at 4 {drowsy} stacks, not only full.",,"rarity=1; kind=3",MANY_THREADS_DROWSY=4,ok
menagerie,Menagerie,legendary,1,,2,false,"variety, overgrowth",min_act=2,menagerie,All Wardens +8% damage for each different attacking Warden kind on the map (up to +80%).,,"rarity=3; kind=3; min_act=2","MENAGERIE_PER=0.08; MENAGERIE_MAX=0.80",ok
mixed_grove,Mixed Grove,uncommon,1,,1,false,"variety, maze, overgrowth",min_families=2,mixed_grove,A Warden touching a Warden of another family deals 15% more damage for each such family (max +45%).,,"rarity=1; kind=3; min_families=2","MIXED_GROVE_PER=0.15; MIXED_GROVE_MAX=0.45",ok
momentum,Momentum,uncommon,1,,1,false,swift,,momentum,"A Warden attacking the same nightmare again gets +6% attack speed per hit (up to +45%); a new target resets it.",,"rarity=1; kind=3","GROVE_SPEED_RULES=[&""momentum"", &""quickening""]; MOMENTUM_PER=[0.06, 0.08]; MOMENTUM_MAX=0.5; MOMENTUM_PER_SECOND=0.05; MOMENTUM_IDLE=2.0",unmatched: 45%
momentum_ii,Momentum II,uncommon,1,momentum,1,false,swift,deepens=momentum,momentum,"A Warden attacking the same nightmare again gets +8% attack speed per hit (up to +60%); a new target resets it.",,"rarity=1; kind=3","GROVE_SPEED_RULES=[&""momentum"", &""quickening""]; MOMENTUM_PER=[0.06, 0.08]; MOMENTUM_MAX=0.5; MOMENTUM_PER_SECOND=0.05; MOMENTUM_IDLE=2.0",unmatched: 60%
monoculture,Monoculture,legendary,1,,2,false,"narrow, tall",min_act=2,monoculture,If all your attacking Wardens are one line: +100% damage.,,"rarity=3; kind=3; min_act=2",MONOCULTURE_BONUS=1.00,ok
morning_dew,Morning Dew,common,1,,1,true,"economy, tending",,,"+20 Dew now, +10 Dew at every {rest}, and every {drift} holds 10% more Dew.",,"kind=4; dew_now=20; rest_bonus_add=10",GATHERED_DEW_PER=0.10,ok
mountains_fall,Mountain's Fall,rare,1,,2,true,reaction,"requires=[""cairn"", ""frostfern"", ""tangleroot""]; min_act=2; entwined=true",mountains_fall,{combo:avalanche} also leaves rubble where each spread {combo:shatter} lands.,{combo:avalanche} can fire half as often.,"rarity=2; kind=3; min_act=2",,ok
murmur,Murmur,rare,1,,1,true,wing,"requires=[""nestling""]",murmur,A bird's hit on a nightmare another bird hit in the last second deals 30% more.,,"rarity=2; kind=3","MURMUR_BONUS=0.30; MURMUR_WINDOW=1.0",ok
mushroom_rain,Mushroom Rain,uncommon,1,,1,true,"spore, water, reaction","requires=[""sporeling"", ""dewdrop""]",mushroom_rain,{combo:mushrooming}'s spore cloud also covers the 8 tiles around it.,It lasts half as long.,"rarity=1; kind=3","MUSHROOM_RAIN_TIME=0.5; MUSHROOM_RAIN_RADIUS=1.5",unmatched: 8
mycelium,Mycelium,uncommon,1,,1,true,"spore, sprout","requires=[""sporeling""]",mycelium,Sprouts touching a Sporeling-line Warden apply 1 {spored} on hit.,,"rarity=1; kind=3","CATALOGUE_HIT_RULES=[&""mycelium"", &""fireflies_in_the_grass"", &""resonance""]; SPORED=&""spored""; MYCELIUM_SPORED=1",ok
needle_point,Needle Point,uncommon,1,,1,false,"wing, on-hit","requires=[""hummingbird_bower""]",needle_point,Multi-hit Wardens' hits ignore dread shell reduction.,,"rarity=1; kind=3",,ok
nightshade,Nightshade,legendary,1,,2,false,"potency, affliction",min_act=2,nightshade,Effects deal 20% more for each status the nightmare carries.,,"rarity=3; kind=3; min_act=2",NIGHTSHADE_PER_STATUS=0.20,ok
nursery,Nursery,rare,1,,1,false,"nurture, sprout, tall","requires=[""tender_care"", ""seedling_gift""]; entwined=true",nursery,"Seedling Gift's free Sprouts arrive at rank II, and Sprouts nurture for half price.",,"rarity=2; kind=3",NURSERY_RANK=2,ok
odd_one_out,Odd One Out,uncommon,1,,1,false,"variety, overgrowth",,odd_one_out,A Warden that's the only one of its kind on the map deals 45% more damage.,,"rarity=1; kind=3","ODD_ONE_OUT_BONUS=[0.45, 0.65]",ok
odd_one_out_ii,Odd One Out II,uncommon,1,odd_one_out,1,false,"variety, overgrowth",deepens=odd_one_out,odd_one_out,A Warden that's the only one of its kind on the map deals 65% more damage.,,"rarity=1; kind=3","ODD_ONE_OUT_BONUS=[0.45, 0.65]",ok
old_friends,Old Friends,uncommon,1,,1,true,kinship,,old_friends,"New {kinships} start at Blooming, and {kinships} grow 1 {drift} faster.",,"rarity=1; kind=3",,ok
old_friends_ii,Old Friends II,uncommon,1,old_friends,1,true,kinship,deepens=old_friends,old_friends,"New {kinships} start at Old Kin, and {kinships} grow 1 {drift} faster.",,"rarity=1; kind=3",,ok
old_growth,Steadfast,rare,1,,1,true,,,old_growth,"Wardens that have stood 5 {drifts} deal 20% more damage; 15 {drifts}: 40% (growing keeps the count, selling resets it).",,"rarity=2; kind=3","STATE_LINES=[&""winding_path"", &""deep_well"", &""canopy"", &""old_growth"", &""bitter_hedges"",; OLD_GROWTH_CATCH=0.25; OLD_GROWTH_STEPS=[[15, 0.40], [5, 0.20]]",ok
overflowing_well,Overflowing Well,rare,1,,1,false,"support, acorn, dreamlight","requires=[""wellspring""]",overflowing_well,Interest above the cap isn't lost: every 50 Dew over it becomes a {dreamlight} shard.,,"rarity=2; kind=3",,verified 2026-10-02 (by hand: 50)
overlap,Overlap,uncommon,1,,1,false,reach,,overlap,A nightmare hit by two different Wardens' area attacks within 1 s takes 40% more from the second.,,"rarity=1; kind=3","OVERLAP_BONUS=0.40; OVERLAP_WINDOW=1.0",ok
patient_aim,Patient Aim,uncommon,1,,1,false,"crit, stone","requires=[""standing_stone""]",patient_aim,A Warden deals 15% more damage for each second it hasn't fired (max +60%).,,"rarity=1; kind=3","HIT_CARD_RULES=[&""patient_aim"", &""crush"", &""crowd_breaker"", &""shiny_things""]; PATIENT_AIM_PER=0.15; PATIENT_AIM_MAX=0.60",ok
patient_roots,Patient Roots,uncommon,1,,1,false,"seed, root",,patient_roots,"{held} lasts 0.5 s longer, from any source.",,"rarity=1; kind=3","PATIENT_ROOTS_ROOT_HOLD=0.25; PATIENT_ROOTS_PULL=0.5; PATIENT_ROOTS_HELD=0.5",ok
pollen_beaks,Pollen Beaks,rare,1,,1,false,"wing, spore, on-hit","requires=[""hummingbird_bower"", ""sporeling""]; entwined=true",pollen_beaks,Each peck applies 1 {spored} stack.,Taking it removes Charged Feathers from this run.,"rarity=2; kind=3",,ok
prism_heart,Prism Heart,rare,1,,2,true,reaction,"requires=[""frostfern"", ""tangleroot"", ""stormcap""]; min_act=2; entwined=true",prism_heart,{combo:prismstorm} shards add 3 {static} stacks and fly 0.5 cells further.,{combo:prismstorm} can fire half as often.,"rarity=2; kind=3; min_act=2",,unmatched: 3
quick_reactions,Quick Reactions,rare,1,,1,true,reaction,min_reaction_pairs=2,quick_reactions,Reactions can fire again on the same nightmare after 0.75 s instead of 1.5 s.,Reactions deal 35% less.,"rarity=2; kind=3; min_reaction_pairs=2",QUICK_REACTIONS_DAMAGE=0.65,verified 2026-10-02 (by hand: 1.5)
quick_step,Quick Step,common,3,,1,true,"tempo, daring, swift",,quick_step,Calling a {drift} early makes all Wardens attack 15% faster for 10 s (stacks).,,"kind=3; max_stacks=3","LIVE_RULES=[&""crowded_path"", &""thinning_the_herd"", &""quick_step"", &""scarred_bark"", &""desperate_bloom"",; QUICK_STEP_SPEED=0.15; QUICK_STEP_TIME=10.0",ok
quickened_sap,Quickened Sap,common,0,,1,true,,,,All Wardens attack 15% faster.,,"max_stacks=0; attack_speed_bonus=0.15",,ok
quickening,Quickening,common,1,,1,false,swift,,quickening,"When a nightmare is dispelled in a Warden's range, that Warden attacks 30% faster for 4 s.",,kind=3,"GROVE_SPEED_RULES=[&""momentum"", &""quickening""]; QUICKENING_SPEED=0.30; QUICKENING_TIME=4.0",ok
rain_on_glass,Rain on Glass,common,3,,1,true,"water, storm, reaction","requires=[""dewdrop"", ""firefly_jar""]",rain_on_glass,Light Wardens deal 35% more damage to {damp} nightmares.,Their hits dry the nightmare: its {damp} ends.,"kind=3; max_stacks=3","DAMP=&""damp""; RAIN_ON_GLASS_PER=0.35",ok
reclaimed_earth,Reclaimed Earth,common,1,,1,false,"clearing, economy, tending",min_obstacles=8,reclaimed_earth,Each clear refunds 40% of the Dew you paid for it and leaves the ground fertile: the first Warden planted there costs half. Sprouts on cleared cells deal 20% more damage.,,"kind=3; min_obstacles=8","FRESH_SOIL_BONUS=0.20; FRESH_SOIL_COST=7",verified 2026-10-02 (by hand: 40%)
resonance,Resonance,rare,1,,1,true,"song, storm","requires=[""bellflower"", ""firefly_jar""]",resonance,Chime Stone pulses count as lightning: each nightmare hit gains 1 {static}.,,"rarity=2; kind=3","CATALOGUE_HIT_RULES=[&""mycelium"", &""fireflies_in_the_grass"", &""resonance""]; STATIC=&""static""; RESONANCE_CHARGED=1",ok
restless_dreams,Restless Dreams,rare,1,,2,false,bittersweet,min_act=2,restless_dreams,The next 3 Dreams each include a Rare or better card.,Dreams can't be let pass for the rest of the run.,"rarity=2; kind=3; min_act=2; rare_dreams_add=3",,ok
restless_night,Restless Night,legendary,1,,2,false,"tempo, daring",min_act=2,restless_night,"+8% damage for each {drift} you call early this {block} (up to +40%); resets at each {rest}.",,"rarity=3; kind=3; min_act=2",,"verified 2026-10-02 (by hand: 8%, 40%)"
restless_roots,Restless Roots,uncommon,1,,1,false,swift,,restless_roots,Wardens with under 1 attack per second (before bonuses) attack 45% faster.,,"rarity=1; kind=3","RESTLESS_ROOTS_BELOW=1.0; RESTLESS_ROOTS_SPEED=0.45",ok
ricochet,Ricochet,uncommon,1,,1,false,"wind, maze","requires=[""samara""]",ricochet,At the end of its line the seed turns 90° once toward the nearest nightmare before returning.,,"rarity=1; kind=3",,verified 2026-10-02 (by hand: 90)
ricochet_ii,Ricochet II,uncommon,1,ricochet,1,false,"wind, maze","requires=[""samara""]; deepens=ricochet",ricochet,At the end of its line the seed turns 90° twice toward nightmares before returning.,,"rarity=1; kind=3",,verified 2026-10-02 (by hand: 90)
ring_dance,Ring Dance,rare,1,,1,false,"spore, trap","requires=[""fairy_ring"", ""driftspore""]; entwined=true",ring_dance,A Fairy Ring bursting sets off every ring within 2 tiles.,,"rarity=2; kind=3","RING_DANCE_TILES=2.0; MAP_GRID=preload(""res://resource/map/map_grid.tres"")",ok
ring_of_rings,Ring of Rings,rare,1,,2,true,reaction,"requires=[""fairy_ring"", ""rain_lily"", ""tangleroot""]; min_act=2; entwined=true",ring_of_rings,{combo:fairy_circle} rings last until stepped on (up to 60 s).,{combo:fairy_circle} can fire half as often.,"rarity=2; kind=3; min_act=2",,unmatched: 60
rolling_thunder,Rolling Thunder,uncommon,1,,1,true,"storm, water, reaction","requires=[""stormcap"", ""dewdrop""]",rolling_thunder,{combo:thunderclap} arcs reach 3.5 cells.,Each arc strikes at most 3 nightmares.,"rarity=1; kind=3",ROLLING_THUNDER_ARCS=3,verified 2026-10-02 (by hand: 3.5)
rolling_thunder_ii,Rolling Thunder II,uncommon,1,rolling_thunder,1,true,"storm, water, reaction","requires=[""stormcap"", ""dewdrop""]; deepens=rolling_thunder",rolling_thunder,{combo:thunderclap} arcs reach 4.5 cells and add 2 {static} stacks.,,"rarity=1; kind=3",ROLLING_THUNDER_ARCS=3,"verified 2026-10-02 (by hand: 4.5, 2)"
root_network,Root Network,rare,1,,1,true,"sprout, wide, overgrowth",min_warden_count=4,root_network,Sprouts side by side form a network: each Sprout gets +6% damage per Sprout in its network (up to +60%).,,"rarity=2; kind=3; min_warden_count=4","ROOT_NETWORK_PER=[0.06, 0.08]; ROOT_NETWORK_MAX=[0.60, 0.80]",ok
root_network_ii,Root Network II,rare,1,root_network,1,true,"sprout, wide, overgrowth",deepens=root_network,root_network,Sprouts touching (diagonals too) form a network: each Sprout gets +8% damage per Sprout in its network (up to +80%).,,"rarity=2; kind=3","ROOT_NETWORK_PER=[0.06, 0.08]; ROOT_NETWORK_MAX=[0.60, 0.80]",ok
root_web,Root Web,rare,1,,1,true,"root, held","requires=[""rootling""]",root_web,"When a nightmare is {held}, the nightmares touching it are {held} for half as long.",,"rarity=2; kind=3","ROOT_WEB_SHARE=0.5; ROOT_WEB_BOSS_SHARE=0.25; ROOT_WEB_COOLDOWN=1.0; ROOT_WEB_REACH=1.0",ok
rootbound,Rootbound,legendary,1,,2,false,"maze, overgrowth",min_act=2,rootbound,Wardens touching 3 or more other Wardens attack twice as fast.,,"rarity=3; kind=3; min_act=2",ROOTBOUND_TOUCHING=3,ok
rooted_bond,Rooted Bond,uncommon,1,,1,true,"kinship, maze",min_kinships=1,rooted_bond,"If you sell a bonded Warden and plant a new kin of its partner within reach during the same {rest}, the bond keeps its stage.",,"rarity=1; kind=3; min_kinships=1",,ok
rooted_nightmares,Rooted Nightmares,legendary,1,,2,false,held,min_act=2,rooted_nightmares,Every 8th hit from a Warden Roots the nightmare for 1 s (bosses 0.5 s). A {held} nightmare blocks its cell: others re-route around it or wait.,,"rarity=3; kind=3; min_act=2","ROOTED_NIGHTMARES_EVERY=8; ROOTED_RULE=&""rooted_nightmares""",ok
scarred_bark,Scarred Bark,uncommon,1,,1,false,"leaves, daring",,scarred_bark,"+3% damage for every leaf lost this run (max +45%; regrowing doesn't lower it).",,"rarity=1; kind=3","LIVE_RULES=[&""crowded_path"", &""thinning_the_herd"", &""quick_step"", &""scarred_bark"", &""desperate_bloom"",; SCARRED_BARK_PER=[0.03, 0.04]; SCARRED_BARK_MAX=[0.45, 0.60]",ok
scarred_bark_ii,Scarred Bark II,uncommon,1,scarred_bark,1,false,"leaves, daring",deepens=scarred_bark,scarred_bark,"+4% damage for every leaf lost this run (max +60%; regrowing doesn't lower it).",,"rarity=1; kind=3","LIVE_RULES=[&""crowded_path"", &""thinning_the_herd"", &""quick_step"", &""scarred_bark"", &""desperate_bloom"",; SCARRED_BARK_PER=[0.03, 0.04]; SCARRED_BARK_MAX=[0.45, 0.60]",ok
scented_hedge,Scented Hedge,uncommon,1,,1,false,"tending, wall","requires=[""honeysuckle""]",scented_hedge,Every Thornwall touching a Honeysuckle gives off its scent at half strength.,,"rarity=1; kind=3",SCENTED_HEDGE=0.5,ok
second_wind,Second Wind,rare,1,,1,false,"tempo, dreams, daring",,second_wind,"Call every {drift} of a {block} early: the next Dream offers 4 cards, one Rare or better.",,"rarity=2; kind=3",SECOND_WIND_EXTRA_CARDS=1,verified 2026-10-02 (by hand: 4)
seed_storm,Seed Storm,rare,1,,2,false,wind,"requires=[""samara""]; min_act=2",seed_storm,Every 5th throw bursts into 5 seeds in a fan.,,"rarity=2; kind=3; min_act=2",,"verified 2026-10-02 (by hand: 5, 5)"
seedfall,Seedfall,common,1,,1,true,"sprout, wide, overgrowth",,,"Sprouts start at 8 Dew, their price rises half as fast, and they deal 30% more damage.",,"kind=4; soothe_bonus=0.3; set_cost=8",,ok
seedling_gift,Seedling Gift,rare,1,,1,false,"sprout, economy, overgrowth",,seedling_gift,"At every {rest}, gain a free Sprout charge: your next Sprout costs no Dew.",,"rarity=2; kind=4",,ok
seeping,Seeping,uncommon,1,,1,false,"potency, reaction, affliction",min_owned_statuses=2,seeping,Effects deal 8% more for each status the nightmare carries (up to +40%).,,"rarity=1; kind=3; min_owned_statuses=2","SEEPING_PER=[0.08, 0.12]; SEEPING_MAX_STATUSES=5",verified 2026-10-02 (by hand: 40%)
seeping_ii,Seeping II,uncommon,1,seeping,1,false,"potency, reaction, affliction",deepens=seeping,seeping,Effects deal 12% more for each status the nightmare carries (up to +60%).,,"rarity=1; kind=3","SEEPING_PER=[0.08, 0.12]; SEEPING_MAX_STATUSES=5",verified 2026-10-02 (by hand: 60%)
shared_light,Shared Light,rare,1,,1,false,"seed, acorn, support",,shared_light,Every Warden gives the Wardens touching it +4% damage (up to +20% on one Warden).,,"rarity=2; kind=3","SHARED_LIGHT=0.5; SHARED_LIGHT_PER=0.04; SHARED_LIGHT_MAX=0.20",ok
sharp_beaks,Sharp Beaks,common,3,,1,false,"wing, on-hit","requires_any=[""hummingbird_bower"", ""wrens_nest""]",sharp_beaks,"Multi-hit Wardens (Hummingbird, Wren's Nest) hit once more per attack (stacks, up to +3).",,"kind=3; max_stacks=3",,unmatched: 3
sharpened_light,Sharpened Light,uncommon,1,,1,false,"crit, precision",,sharpened_light,All Wardens' crits deal +0.5× more.,,"rarity=1; kind=3","SHARPENED_LIGHT=[0.5, 1.0]",ok
sharpened_light_ii,Sharpened Light II,uncommon,1,sharpened_light,1,false,"crit, precision",deepens=sharpened_light,sharpened_light,All Wardens' crits deal +1.0× more.,,"rarity=1; kind=3","SHARPENED_LIGHT=[0.5, 1.0]",ok
shattering_blow,Shattering Blow,rare,1,,1,false,"crit, precision, reach",,shattering_blow,Crits splash 50% of their damage onto nightmares within 1 cell.,,"rarity=2; kind=3",,verified 2026-10-02 (by hand: 50%)
shattering_blow_ii,Shattering Blow II,rare,1,shattering_blow,1,false,"crit, precision, reach",deepens=shattering_blow,shattering_blow,Crits splash 75% of their damage onto nightmares within 1.5 cells.,,"rarity=2; kind=3",,"verified 2026-10-02 (by hand: 75%, 1.5)"
shiny_things,Shiny Things,uncommon,1,,1,false,wing,"requires=[""magpie_perch""]",shiny_things,Each buff a Magpie steals gives it 15% more damage for 10 s (stacks 3).,,"rarity=1; kind=3","HIT_CARD_RULES=[&""patient_aim"", &""crush"", &""crowd_breaker"", &""shiny_things""]; SHINY_THINGS_BONUS=0.15; SHINY_THINGS_TIME=10.0; SHINY_THINGS_STACKS=3",ok
soaked_through,Soaked Through,uncommon,1,,1,true,water,"requires=[""dewdrop""]",,{damp} lasts twice as long.,,"rarity=1; status_duration_multiplier=2.0",,ok
soaked_through_ii,Soaked Through II,uncommon,1,soaked_through,1,true,water,deepens=soaked_through,,"{damp} lasts three times as long, and water hits on {damp} nightmares deal 30% more instead of 20%.",,"rarity=1; status_strength_bonus=0.5; status_duration_multiplier=3.0",,"unmatched: 30%, 20%"
soft_spores,Soft Spores,common,0,,1,true,spore,"requires=[""sporeling""]",,{spored} deals 50% more damage.,,"max_stacks=0; status_strength_bonus=0.5",,ok
solitude,Solitude,uncommon,1,,1,false,"narrow, maze, tall",,solitude,A Warden with no other attacking Warden within 2 cells gets +45% damage and +0.5 range.,,"rarity=1; kind=3","SOLITUDE_BONUS=0.45; SOLITUDE_RANGE=0.5",verified 2026-10-02 (by hand: 2)
sparking_spores,Sparking Spores,common,3,,1,true,"spore, storm, reaction","requires=[""sporeling"", ""firefly_jar""]",sparking_spores,{combo:ignite} burns 50% hotter.,Only on nightmares with 5 or more {spored} stacks.,"kind=3; max_stacks=3","SPARKING_SPORES_PER=0.50; SPARKING_SPORES_MIN_POISONED=5",ok
spillover,Spillover,rare,1,,1,false,reach,,spillover,"When an area attack dispels a nightmare, the leftover damage splashes onto nightmares within 1 cell.",,"rarity=2; kind=3",SPILLOVER_CELLS=1.0,ok
spinning_corners,Spinning Corners,uncommon,1,,1,true,"wind, maze","requires=[""whirligig""]",spinning_corners,Pinwheels and Windmills beside a bend in the path spin 45% faster.,,"rarity=1; kind=3",SPINNING_CORNERS_SPEED=0.45,ok
spore_cascade,Spore Cascade,rare,1,,1,true,spore,"requires=[""driftspore"", ""lingering_spores""]; entwined=true",spore_cascade,A dispelled nightmare's {spored} stacks spread to the 2 nearest nightmares.,,"rarity=2; kind=3","SPORED=&""spored""; SPORE_CASCADE_TARGETS=[2, 3]",ok
spore_cascade_ii,Spore Cascade II,rare,1,spore_cascade,1,true,spore,deepens=spore_cascade,spore_cascade,A dispelled nightmare's {spored} stacks spread to the 3 nearest nightmares.,,"rarity=2; kind=3","SPORED=&""spored""; SPORE_CASCADE_TARGETS=[2, 3]",ok
spore_kin,Spore Kin,uncommon,1,,1,true,"spore, kinship","requires=[""sporeling""]",spore_kin,{harmonies} by Sporeling-line kin apply 2 {spored}.,,"rarity=1; kind=3","SPORED=&""spored""; SPORE_KIN_SPORED=2",ok
sprout_chorus,Sprout Chorus,uncommon,1,,1,true,"sprout, wide, overgrowth",min_warden_count=6,sprout_chorus,Sprouts attack 8% faster for each other Sprout within 2 cells (up to +60%).,,"rarity=1; kind=3; min_warden_count=6","SPROUT_CHORUS_PER=0.08; SPROUT_CHORUS_MAX=0.60",verified 2026-10-02 (by hand: 2)
starlit_aim,Starlit Aim,rare,1,,1,true,"crit, mark","requires=[""standing_stone"", ""lanternmoth""]; entwined=true",starlit_aim,{marked} nightmares take +25% crit chance from every Warden.,A crit uses up the {marked}.,"rarity=2; kind=3","MARKED=&""marked""; STARLIT_AIM_CRIT=0.25",ok
static_bloom,Charged Bloom,rare,1,,1,true,"storm, sleep","requires=[""stormcap"", ""bloomcap""]; entwined=true",static_bloom,Stormcap chains also make nightmares {drowsy} (1 stack).,The chains jump 1 fewer time.,"rarity=2; kind=3",,ok
static_bloom_ii,Charged Bloom II,rare,1,static_bloom,1,true,"storm, sleep","requires=[""stormcap"", ""bloomcap""]; deepens=static_bloom",static_bloom,Stormcap chains also make nightmares {drowsy} (2 stacks).,,"rarity=2; kind=3",,unmatched: 2
static_field,Charged Field,rare,1,,1,true,storm,"requires=[""firefly_jar""]",static_field,{static} bolts also hit nightmares within 1 tile.,,"rarity=2; kind=3",,ok
static_field_ii,Charged Field II,rare,1,static_field,1,true,storm,"requires=[""firefly_jar""]; deepens=static_field",static_field,"{static} bolts also hit nightmares within 1.5 tiles, and give them 1 {static} stack.",,"rarity=2; kind=3",,unmatched: 1.5
still_target,Still Target,uncommon,1,,1,false,"crit, sleep, precision","requires_any=[""bloomcap"", ""honeysuckle"", ""frostfern"", ""rootling"", ""tangleroot"", ""snugroot""]",still_target,"+25% crit chance against {drowsy}, {held} or frozen nightmares.",,"rarity=1; kind=3","DROWSY=&""drowsy""; STILL_TARGET_CRIT=[0.25, 0.40]",ok
still_target_ii,Still Target II,uncommon,1,still_target,1,false,"crit, sleep, precision",deepens=still_target,still_target,"+40% crit chance against {drowsy}, {held} or frozen nightmares.",,"rarity=1; kind=3","DROWSY=&""drowsy""; STILL_TARGET_CRIT=[0.25, 0.40]",ok
straightaway,Straightaway,uncommon,1,,1,true,maze,,straightaway,Wardens beside a straight stretch of 5+ path tiles deal 30% more damage and get +0.5 range.,,"rarity=1; kind=3","STRAIGHTAWAY=[[0.30, 0.5], [0.50, 0.5]]",verified 2026-10-02 (by hand: 5)
straightaway_ii,Straightaway II,uncommon,1,straightaway,1,true,maze,deepens=straightaway,straightaway,Wardens beside a straight stretch of 5+ path tiles deal 50% more damage and get +0.5 range.,,"rarity=1; kind=3","STRAIGHTAWAY=[[0.30, 0.5], [0.50, 0.5]]",verified 2026-10-02 (by hand: 5)
sudden_insight,Sudden Insight,uncommon,0,,1,true,dreamlight,,,+1 {dreamlight} now.,,"rarity=1; kind=4; max_stacks=0; dreamlight_now=1",,ok
sunlit_rest,Sunlit Rest,uncommon,1,,1,false,"nurture, tall",,sunlit_rest,"At every {rest}, your ranked Warden nearest the Heartwood gains a free rank. With none, your attacking Warden nearest it reaches rank I.",,"rarity=1; kind=3","SUNLIT_WARDENS=[1, 2]",ok
sunlit_rest_ii,Sunlit Rest II,uncommon,1,sunlit_rest,1,false,"nurture, tall",deepens=sunlit_rest,sunlit_rest,"At every {rest}, your two ranked Wardens nearest the Heartwood gain a free rank. With none, your two attacking Wardens nearest it reach rank I.",,"rarity=1; kind=3","SUNLIT_WARDENS=[1, 2]",ok
sweet_harmony,Sweet Harmony,uncommon,1,,1,true,kinship,min_kinships=1,sweet_harmony,"{harmonies} +50% damage; they come every 1.5 s instead of 2 s.",,"rarity=1; kind=3; min_kinships=1",,"verified 2026-10-02 (by hand: 50%, 1.5, 2)"
sweet_harmony_ii,Sweet Harmony II,uncommon,1,sweet_harmony,1,true,kinship,deepens=sweet_harmony,sweet_harmony,"{harmonies} +100% damage; they come every 1 s.",,"rarity=1; kind=3",,unmatched: 100%
sweet_scent,Sweet Scent,uncommon,1,,1,false,"wall, sleep","requires=[""honeysuckle""]",sweet_scent,Honeysuckle's {drowsy} also reaches nightmares 2 tiles away.,,"rarity=1; kind=3",SWEET_SCENT_TILES=2.0,ok
tangled_release,Tangled Release,uncommon,1,,1,true,"root, held","requires=[""rootling""]",tangled_release,A nightmare freed from a hold is pulled back 0.5 tiles along its route.,,"rarity=1; kind=3","TANGLED_RELEASE_TILES=[0.5, 1.0]",ok
tangled_release_ii,Tangled Release II,uncommon,1,tangled_release,1,true,"root, held","requires=[""rootling""]; deepens=tangled_release",tangled_release,A nightmare freed from a hold is pulled back 1 tile along its route.,,"rarity=1; kind=3","TANGLED_RELEASE_TILES=[0.5, 1.0]",ok
tended_forest,Tended Forest,common,1,,1,false,"clearing, maze, tending",min_obstacles=8,tended_forest,"+2% damage for every obstacle cleared this run (up to +40%), counting earlier clears.",,"kind=3; min_obstacles=8","TENDED_FOREST_PER_CLEAR=0.02; TENDED_FOREST_MAX=0.40",ok
tended_stumps,Tended Stumps,uncommon,1,,1,false,"clearing, tending",min_obstacles=8,tended_stumps,Each tended stump (a Withered Tree you cleared) gives the Wardens touching it 25% more damage (a Warden counts its best stump once).,,"rarity=1; kind=3; min_obstacles=8","TENDED_STUMPS_BONUS=[0.25, 0.40]",ok
tended_stumps_ii,Tended Stumps II,uncommon,1,tended_stumps,1,false,"clearing, tending","deepens=tended_stumps; min_obstacles=8",tended_stumps,Each tended stump (a Withered Tree you cleared) gives the Wardens touching it 40% more damage (a Warden counts its best stump once).,,"rarity=1; kind=3; min_obstacles=8","TENDED_STUMPS_BONUS=[0.25, 0.40]",ok
tender_care,Tender Care,common,1,,1,true,"nurture, tall",,tender_care,Every Warden's first Nurture rank is free.,,kind=4,"BASE_MAX_RANK=5; TENDER_CARE_II_DISCOUNT=0.20",ok
tender_care_ii,Tender Care II,uncommon,1,tender_care,1,true,"nurture, tall",deepens=tender_care,tender_care,"Every Warden's first Nurture rank is free, and ranks II–V cost 20% less.",,"rarity=1; kind=4","BASE_MAX_RANK=5; TENDER_CARE_II_DISCOUNT=0.20",ok
the_last_light,The Last Light,legendary,1,,2,false,"narrow, tall",min_act=2,last_light,"If you have 5 or fewer attacking Wardens, they attack twice as fast.",,"rarity=3; kind=3; min_act=2",LAST_LIGHT_MAX=5,ok
the_long_walk,The Long Walk,legendary,1,,2,false,maze,min_act=2,the_long_walk,+1% damage for every 2 path tiles.,,"rarity=3; kind=3; min_act=2",,verified 2026-10-02 (by hand: 2)
the_old_ones,The Old Ones,legendary,1,,2,false,"nurture, tall",min_act=2,old_ones,Rank V+ Wardens make the Wardens touching them count one rank higher.,,"rarity=3; kind=3; min_act=2",FREE_RANK_MAX=7,ok
the_quiet_ones,The Quiet Ones,legendary,1,,2,false,tending,"min_act=2; min_non_attackers=3",the_quiet_ones,"All non-attacking Wardens (catchers, auras, walls, Dreamcatchers) are 50% stronger.",,"rarity=3; kind=3; min_act=2; min_non_attackers=3",QUIET_ONES=0.5,ok
thick_bark,Thick Bark,common,1,,1,true,leaves,,thick_bark,"The first leak each {block} costs no leaves, and a {perfect_block} regrows 1 leaf.",,kind=3,"THICK_BARK_CHARGES=[1, 2]",ok
thick_bark_ii,Thick Bark II,common,1,thick_bark,1,true,leaves,deepens=thick_bark,thick_bark,"The first 2 leaks each {block} cost no leaves, and a {perfect_block} regrows 1 leaf.",,kind=3,"THICK_BARK_CHARGES=[1, 2]",ok
thin_bark,Thin Bark,uncommon,1,,2,false,"leaves, bittersweet, daring",min_act=2,thin_bark,All Wardens deal 35% more damage.,"The Heartwood holds 3 fewer leaves, and loses them now.","rarity=1; min_act=2; soothe_bonus=0.35; max_leaves_add=-3; leaves_now=-3",,ok
thinning_the_herd,Thinning the Herd,rare,1,,1,true,affliction,,thinning_the_herd,Each nightmare dispelled in a Warden's range gives that Warden +2% damage for the rest of the {drift} (up to +50%).,,"rarity=2; kind=3","LIVE_RULES=[&""crowded_path"", &""thinning_the_herd"", &""quick_step"", &""scarred_bark"", &""desperate_bloom"",","verified 2026-10-02 (by hand: 2%, 50%)"
thorn_snare,Thorn Snare,uncommon,1,,1,false,"tending, wall",,thorn_snare,Phantoms passing through a Thornwall and Gravecrawlers passing under one are {held} for 0.5 s.,,"rarity=1; kind=3","THORN_SNARE_KINDS=[""dandelion_seed"", ""gravecrawler""]; THORN_SNARE_REACH=0.6; THORN_SNARE_SPRINT_REACH=1.5; THORN_SNARE_TIME=[0.5, 1.0]",ok
thorn_snare_ii,Thorn Snare II,uncommon,1,thorn_snare,1,false,"tending, wall",deepens=thorn_snare,thorn_snare,"Phantoms and Gravecrawlers passing a Thornwall, and Night Hounds sprinting past one, are {held} for 1 s.",,"rarity=1; kind=3","THORN_SNARE_KINDS=[""dandelion_seed"", ""gravecrawler""]; THORN_SNARE_REACH=0.6; THORN_SNARE_SPRINT_REACH=1.5; THORN_SNARE_TIME=[0.5, 1.0]",ok
thornheart,Thornheart,rare,1,,1,false,"wall, maze","requires=[""bramble""]",thornheart,Brambles' thorns deal 5% more for each Bramble you own (max +100%).,,"rarity=2; kind=3","THORNHEART_PER=0.05; THORNHEART_MAX=1.0",ok
thousand_cuts,Thousand Cuts,rare,1,,2,false,on-hit,"requires=[""hummingbird_bower""]; min_act=2",thousand_cuts,Every hit on the same nightmare within 2 s gives all Wardens +2% damage against it (up to +60%).,,"rarity=2; kind=3; min_act=2",,"verified 2026-10-02 (by hand: 2, 2%, 60%)"
twin_puff,Twin Puff,uncommon,1,,1,true,spore,"requires=[""sporeling""]; min_warden_count=1",twin_puff,Every 3rd Sporeling attack fires twice.,,"rarity=1; kind=3; min_warden_count=1",,unmatched: 3
twin_puff_ii,Twin Puff II,uncommon,1,twin_puff,1,true,spore,"requires=[""sporeling""]; deepens=twin_puff",twin_puff,Every 2nd Sporeling attack fires twice.,,"rarity=1; kind=3",,verified 2026-10-02 (by hand: 2)
venom_bloom,Venom Bloom,uncommon,1,,2,false,"potency, bittersweet, affliction",min_act=2,venom_bloom,All Wardens +50% Potency.,Hits deal 15% less damage.,"rarity=1; min_act=2; potency_bonus=0.5",VENOM_HIT_PENALTY=0.15,ok
wandering_mind,Wandering Mind,uncommon,1,,1,false,dreams,,wandering_mind,Gain 2 Dream rerolls.,,"rarity=1; kind=3",WANDERING_MIND_REROLLS=2,ok
warm_hearth,Warm Hearth,uncommon,1,,1,true,"overgrowth, sprout","requires=[""acorn""]",warm_hearth,Aura bonuses are 50% stronger on Sprouts.,,"rarity=1; kind=3",WARM_HEARTH_SPROUTS=0.50,ok
watchful_rest,Watchful Rest,uncommon,1,,1,true,precision,,watchful_rest,A Warden with nothing in range for 5 s stores a charge: its next attack deals ×2.,,"rarity=1; kind=3","WATCHFUL_REST_TIME=[5.0, 3.0]",verified 2026-10-02 (by hand: ×2)
watchful_rest_ii,Watchful Rest II,uncommon,1,watchful_rest,1,true,precision,deepens=watchful_rest,watchful_rest,A Warden with nothing in range for 3 s stores a charge: its next attack deals ×2.,,"rarity=1; kind=3","WATCHFUL_REST_TIME=[5.0, 3.0]",verified 2026-10-02 (by hand: ×2)
weathered_walls,Weathered Walls,uncommon,1,,1,true,"wall, maze",,weathered_walls,Thornwalls can't be trampled and cost 1 Dew.,,"rarity=1; kind=3; set_cost=1","WEATHERED_WALLS_RULE=&""weathered_walls""",ok
whirlwind_heart,Whirlwind Heart,legendary,1,,2,false,swift,min_act=2,whirlwind_heart,"All attack speed bonuses count double, and every hit deals 20% less damage.",,"rarity=3; kind=3; min_act=2",,verified 2026-10-02 (by hand: 20%)
wildfire_spores,Wildfire Spores,uncommon,1,,1,true,"spore, storm, reaction","requires=[""sporeling"", ""firefly_jar""]",wildfire_spores,"{combo:ignite} spreads 2 {spored} stacks, within 1.5 cells.",The burning nightmare loses its own {spored}.,"rarity=1; kind=3",,"verified 2026-10-02 (by hand: 2, 1.5)"
wildwood_reclaimed,Wildwood Reclaimed,legendary,1,,2,false,"clearing, tending",min_act=2,wildwood_reclaimed,"Wardens on cells you have cleared deal 30% more damage, +2% per obstacle cleared this run (up to +60%).",,"rarity=3; kind=3; min_act=2",,"verified 2026-10-02 (by hand: 30%, 2%, 60%)"
windborne_rain,Windborne Rain,rare,1,,1,false,"wind, water, reaction","requires=[""samara"", ""rain_lily""]; entwined=true",windborne_rain,"Samara's seeds apply {damp} to every nightmare they pass, out and back.",Its seeds deal 25% less.,"rarity=2; kind=3",WINDBORNE_RAIN_DAMAGE=0.75,ok
winding_path,Winding Path,common,1,,1,true,"maze, economy",,winding_path,"At each {rest}, +1 Dew for every 5 path tiles.",,kind=3,"STATE_LINES=[&""winding_path"", &""deep_well"", &""canopy"", &""old_growth"", &""bitter_hedges"",; WINDING_PATH_TILES=5",ok
